age_at_diagnosis,size,lymph_nodes_positive,stage,lymph_nodes_removed,ER_IHC_status.1,ER_Expr.1,PR_Expz.1,Her2_Expr.1,inf_men_status.1,grade,histological,HER2_IHC_status,HER2_SNP6_state,Treatment,group,cellularity,Pam50_Subtype,int_clust_memb,site,Genefu,time,event
75.65,22,10,2,16,1,0,1,1,0,2,1,1,2,5,3,0,5,3,0,0,2999,0
43.19,10,0,1,25,1,0,0,1,1,2,1,1,2,5,3,0,2,3,0,0,1484,0
48.87,15,1,2,12,1,0,0,1,1,1,1,1,2,1,3,0,3,3,0,0,3053,0
47.68,25,3,2,21,1,0,0,1,1,1,1,0,2,2,3,2,3,3,0,0,1721,0
76.97,40,8,2,8,1,0,0,1,0,2,1,1,2,2,3,0,3,8,0,0,1241,1
78.77,31,0,4,14,1,0,0,1,0,2,1,1,2,5,3,2,3,6,0,0,234,1
56.45,10,1,2,26,1,0,0,1,0,1,1,1,1,2,3,2,3,3,0,0,2947,0
70.0,65,7,3,11,0,1,1,1,0,2,6,0,2,3,2,0,5,3,0,0,672,1
89.08,29,1,2,24,1,0,1,1,0,1,2,1,2,5,3,2,3,3,0,0,2734,1
76.24,34,11,2,31,1,0,0,1,0,2,1,1,0,5,3,0,3,3,0,0,2083,0
86.41,16,1,2,15,1,0,1,1,0,2,1,1,0,5,3,2,3,3,0,0,1097,1
84.22,28,0,2,16,0,0,1,1,0,1,6,1,1,6,3,0,1,2,0,0,1088,1
85.49,22,0,4,23,1,0,0,1,0,1,1,1,2,5,3,2,2,2,0,1,2314,0
70.91,21,0,1,8,1,0,0,1,0,0,10,1,0,5,3,0,3,3,0,0,2258,0
45.27,19,3,2,15,0,1,0,1,1,2,1,1,2,3,2,0,0,3,0,0,2361,0
83.02,36,24,2,27,1,0,0,0,0,2,1,1,0,5,3,0,2,3,0,0,424,1
51.46,25,1,2,13,1,0,0,0,0,1,2,1,0,2,3,1,1,3,0,0,1594,0
43.19,10,0,1,25,1,0,0,1,1,2,1,1,2,5,3,0,2,3,0,0,1784,0
70.02,23,0,2,37,1,0,1,1,0,1,1,1,2,5,3,0,3,3,0,0,2005,0
66.91,36,0,2,20,1,0,0,1,0,2,1,1,0,5,3,2,3,3,0,0,2310,0
62.62,29,0,1,19,1,0,0,1,0,1,2,1,2,4,3,0,3,3,0,0,1900,0
75.58,17,0,1,26,1,0,0,1,0,2,1,1,2,5,3,0,2,7,0,0,1718,0
43.19,10,0,1,25,1,0,0,1,1,2,1,1,2,5,3,0,2,3,0,0,1846,0
52.14,17,0,1,19,0,1,1,1,0,2,3,1,2,3,3,0,0,3,0,0,2482,0
69.13,18,0,1,7,1,0,0,1,0,1,1,1,0,4,3,2,3,3,0,0,1420,0
61.49,16,1,2,2,1,0,0,1,0,1,1,1,2,5,3,0,3,6,0,0,1543,0
51.01,12,1,2,10,1,0,0,1,0,0,5,1,1,5,3,0,2,3,0,0,2673,0
68.42,50,2,2,20,1,0,1,1,0,1,2,1,2,5,1,0,3,3,0,0,1583,0
50.42,40,4,2,7,0,1,1,1,0,2,1,0,2,3,2,0,1,3,0,0,855,1
49.61,24,0,2,2,1,0,0,1,1,1,1,1,2,5,3,2,3,3,0,0,2149,0
64.85,13,0,1,2,1,0,0,1,0,1,6,1,2,5,3,2,3,3,0,0,2484,1
43.55,14,1,2,2,1,0,0,1,1,2,2,0,2,5,3,0,3,3,0,0,2063,0
80.5,55,1,3,15,1,0,0,1,0,1,1,1,2,5,3,0,3,3,0,0,1493,1
78.19,30,3,2,23,1,0,0,1,0,2,1,1,2,5,3,0,2,3,0,0,2611,0
51.58,21,0,2,16,1,0,0,1,0,1,2,0,1,2,3,2,3,3,0,0,1844,0
68.68,39,0,2,22,0,1,1,1,0,2,1,1,2,3,3,1,0,3,0,0,242,1
46.89,34,0,2,14,1,0,0,1,1,1,6,1,2,5,3,2,5,7,0,1,2713,0
51.38,40,16,2,17,1,0,0,1,0,1,6,1,2,2,3,0,3,2,0,0,1333,0
49.87,70,5,3,24,1,0,0,1,1,0,1,1,2,2,3,2,2,7,0,1,1481,0
65.59,18,0,2,3,1,0,0,1,0,2,1,1,2,4,3,2,3,3,0,0,1866,0
43.15,18,0,1,18,1,0,1,1,1,2,1,1,2,2,3,1,3,3,0,0,1281,1
82.53,45,0,2,22,1,0,0,1,0,2,1,1,0,6,3,0,0,3,0,0,1433,0
45.73,70,0,0,0,1,1,1,1,1,2,11,1,2,6,3,1,5,3,0,0,2554,0
54.23,27,0,2,11,1,0,0,1,0,0,1,1,2,4,3,0,2,3,0,0,3148,0
83.89,150,14,3,23,1,0,1,1,0,2,6,1,2,5,3,0,2,2,0,1,1175,1
36.96,17,3,2,16,1,1,1,0,1,2,1,3,0,2,3,1,1,3,0,0,1384,0
48.59,30,0,2,12,1,0,0,1,1,1,1,1,2,4,3,1,2,3,0,0,402,0
39.84,25,0,2,18,0,1,1,1,1,2,1,1,2,3,3,2,0,9,0,2,2002,1
42.55,60,1,3,18,1,0,0,1,1,1,6,1,2,2,3,2,5,3,0,0,2474,0
60.07,23,1,2,14,1,0,1,1,0,1,2,1,2,5,3,2,2,0,0,1,247,0
82.73,23,1,2,17,1,0,1,1,0,1,1,1,0,5,3,0,3,6,0,0,364,0
72.1,26,1,2,14,1,0,1,0,0,2,1,3,0,5,3,2,3,8,0,0,872,1
78.73,30,6,2,14,1,0,1,1,0,1,1,1,2,5,3,2,2,7,0,1,1694,0
58.95,20,1,2,3,1,0,0,1,0,0,9,1,2,5,3,2,2,7,0,1,2569,0
76.89,25,0,2,19,1,0,0,1,0,2,1,1,2,4,3,2,3,0,0,0,2527,0
43.46,50,2,3,10,1,0,0,1,1,1,2,1,2,2,3,1,2,3,0,0,2368,0
73.98,9,0,2,0,1,0,0,1,0,0,1,1,2,4,3,1,3,3,0,0,49,0
61.95,35,0,2,8,1,0,0,1,0,1,1,1,2,5,3,2,2,7,0,1,1479,0
52.11,13,1,2,12,1,1,1,1,0,1,1,1,2,2,3,0,5,3,0,0,1918,0
57.4,14,0,1,4,1,0,0,1,0,1,1,1,2,5,3,1,5,3,0,0,1882,0
63.53,24,4,2,18,0,1,1,0,0,2,1,3,0,3,2,1,1,3,0,0,1157,1
56.75,17,0,1,16,1,0,1,0,0,0,1,1,0,4,3,1,2,3,0,0,1870,0
69.16,39,0,2,14,1,0,1,1,0,2,1,1,2,2,3,2,2,7,0,0,1999,1
58.89,80,1,2,16,1,0,1,1,0,0,5,1,2,2,3,2,2,7,0,1,2612,0
73.11,22,3,2,16,1,0,1,1,0,2,1,1,2,5,3,0,3,3,0,0,388,1
74.09,35,1,2,14,1,0,0,1,0,2,1,1,2,5,3,2,3,1,0,0,2398,0
72.3,13,0,1,17,1,0,0,1,0,1,1,1,2,4,3,0,2,2,0,1,2271,0
51.33,18,0,1,12,1,0,0,1,1,1,6,1,1,4,3,2,2,2,0,1,1405,0
47.62,30,1,2,3,1,0,0,1,1,1,6,1,2,5,3,2,2,2,0,1,2596,0
74.07,27,1,2,18,1,0,1,1,0,1,2,1,2,5,3,0,3,7,0,0,169,0
57.99,16,0,1,10,1,0,0,1,0,1,4,1,1,6,3,2,2,0,0,1,372,0
85.39,22,2,2,29,1,0,1,1,0,2,1,1,2,5,3,0,2,8,0,0,1630,1
79.73,26,6,0,10,1,0,0,1,0,2,1,1,2,5,3,0,3,7,0,1,4562,1
62.4,20,0,1,17,1,0,0,1,0,1,6,1,2,5,3,2,2,2,0,1,1841,0
81.0,22,2,2,14,1,0,1,1,0,2,1,1,1,5,3,0,3,0,0,0,2580,0
79.28,38,9,2,12,1,0,0,1,0,1,6,1,2,5,3,0,2,3,0,0,1553,1
43.19,10,0,1,25,1,0,0,1,1,2,1,1,2,5,3,0,2,3,0,0,53,0
77.13,39,0,2,15,0,1,1,1,0,2,1,1,1,7,3,1,0,3,0,0,1551,1
70.22,20,0,2,10,1,0,1,1,0,1,9,1,2,4,3,0,0,3,0,2,2392,0
67.7,50,6,3,14,1,0,0,1,0,2,1,2,2,5,3,2,3,1,0,0,1477,1
63.77,12,0,1,12,0,1,1,0,0,2,1,1,0,6,3,0,1,3,0,3,1860,0
62.46,12,0,1,11,1,0,1,1,0,1,1,1,2,4,3,2,2,3,0,1,1884,0
62.72,9,0,1,11,1,0,1,1,0,0,5,1,2,5,3,2,5,3,0,1,1794,0
60.85,2,0,0,0,1,0,1,1,0,0,0,1,2,6,4,1,5,3,0,0,59,0
71.5,30,0,2,11,0,1,1,1,0,2,1,1,2,7,3,2,0,3,0,2,453,0
53.78,22,0,2,0,0,1,1,1,0,2,1,1,2,1,3,2,0,9,0,2,1729,0
51.04,23,0,0,0,1,1,1,0,0,2,0,1,0,6,4,1,0,3,0,0,2259,0
57.56,14,1,2,9,1,0,0,1,0,1,1,1,2,5,3,0,2,6,0,1,1673,0
37.87,16,0,2,12,0,1,1,1,1,2,1,1,2,3,3,0,0,9,0,2,325,0
53.0,52,22,3,22,1,0,1,0,0,2,1,3,0,2,3,2,2,4,0,3,1428,0
44.98,24,3,2,12,1,0,0,1,1,2,1,1,2,2,3,2,2,3,0,1,2282,0
76.4,38,2,2,17,1,0,0,1,0,2,1,1,2,5,3,0,3,8,0,0,1293,1
60.26,17,0,1,1,1,0,1,1,0,2,1,1,2,5,3,1,5,3,0,0,2283,0
79.28,39,0,2,14,1,0,0,1,0,1,6,1,2,4,3,1,5,3,0,0,2215,0
83.35,26,1,2,10,1,0,1,1,0,0,10,1,2,5,3,1,2,3,0,0,2801,1
64.57,27,0,2,11,1,0,1,1,0,2,2,1,2,5,3,2,5,3,0,1,163,0
48.11,20,1,2,16,1,0,0,1,1,1,1,1,2,2,3,1,2,3,0,0,1854,0
83.99,44,4,2,24,1,0,0,1,0,2,1,1,1,5,3,0,3,6,0,0,130,0
59.18,24,0,2,1,0,1,1,1,0,2,1,1,2,3,3,1,0,3,0,0,2363,0
69.51,20,0,1,0,1,0,1,1,0,0,5,1,1,4,3,0,2,3,0,0,2171,0
38.78,36,7,2,19,1,0,0,1,1,2,1,1,2,2,3,2,2,0,0,0,2363,0
85.94,44,2,2,12,1,0,0,1,0,1,1,1,2,5,3,1,2,3,0,0,1368,1
74.63,21,0,2,23,1,0,0,1,0,2,1,1,2,5,3,0,3,3,0,0,2755,0
56.39,34,7,3,32,0,1,1,1,0,2,1,3,0,3,2,1,0,3,0,0,538,1
51.69,18,0,1,3,1,0,0,1,0,1,1,1,2,5,3,2,2,7,0,1,1870,0
68.45,21,1,2,2,1,0,0,1,0,1,1,1,2,5,3,2,2,6,0,1,2215,0
68.41,25,0,2,14,1,0,0,1,0,1,4,1,2,4,3,2,2,3,0,1,2297,0
76.84,50,3,2,24,1,0,0,1,0,2,1,1,0,5,3,2,3,8,0,0,1315,1
82.65,45,2,2,42,1,1,1,1,0,1,6,1,2,3,3,0,1,3,0,0,939,1
57.79,48,6,4,7,1,0,1,1,0,2,1,1,2,2,3,2,5,5,0,1,272,1
81.02,25,0,2,18,0,1,1,1,0,2,1,1,2,7,3,0,0,3,0,0,459,1
62.55,13,0,1,15,1,0,1,1,0,0,1,1,2,5,3,2,5,3,0,1,1877,0
56.45,21,6,2,21,1,0,0,1,0,1,1,1,2,2,3,0,2,2,0,1,2107,0
75.18,28,21,2,25,1,0,1,1,0,2,1,2,0,5,3,0,3,5,0,0,2019,0
46.75,30,0,0,0,1,0,0,1,1,2,11,1,2,6,3,0,0,3,0,0,2184,0
50.48,24,2,2,15,1,0,0,1,0,2,1,1,2,2,3,0,3,8,0,0,2018,0
43.37,18,4,2,20,1,0,0,1,1,2,2,1,2,2,3,0,3,7,0,0,2283,0
57.56,19,1,2,28,1,0,0,1,0,2,2,1,2,5,3,0,2,2,0,1,2191,0
69.86,38,0,2,21,0,1,1,1,0,2,1,1,2,7,3,2,0,3,0,0,2330,0
49.5,20,0,1,17,0,1,1,0,0,2,1,3,0,3,3,2,0,4,0,3,2344,0
43.19,10,0,1,25,1,0,0,1,1,2,1,1,2,5,3,0,2,3,0,0,2073,0
86.24,25,1,2,17,1,0,0,1,0,2,1,1,2,2,3,0,2,6,0,0,1763,1
79.38,10,0,1,15,1,0,1,1,0,0,1,1,2,5,3,2,2,2,0,1,729,1
53.56,26,0,2,14,1,0,1,1,0,1,6,1,2,5,3,1,5,3,0,0,1919,0
55.02,35,2,2,19,0,1,1,1,0,2,3,1,2,3,2,0,0,9,0,2,1585,0
48.13,28,2,0,19,1,0,0,1,1,1,1,1,0,4,3,0,2,7,0,1,3359,0
67.17,3,0,1,11,1,0,1,1,0,1,1,1,2,4,3,2,5,3,0,2,1995,0
63.14,5,16,3,25,1,1,1,1,0,1,1,1,2,5,3,0,0,3,0,0,1881,0
43.19,10,0,1,25,1,0,0,1,1,2,1,1,2,5,3,0,2,3,0,0,1927,0
75.63,40,0,2,17,1,0,0,1,0,1,2,1,2,5,3,0,3,2,0,0,1841,0
43.39,20,2,2,16,1,0,0,1,1,2,1,1,2,2,3,0,3,0,0,0,2179,0
37.24,20,6,2,7,1,1,1,1,1,2,1,3,0,0,3,0,5,3,0,3,1195,1
77.72,20,7,2,7,0,1,1,1,0,2,1,1,0,6,2,2,1,3,0,0,606,1
50.31,20,0,2,4,1,0,0,1,0,2,6,1,2,2,3,0,5,3,0,0,3128,0
50.45,20,12,2,14,1,0,1,1,0,2,1,1,0,2,3,0,2,3,0,1,2440,1
44.01,25,0,0,11,1,0,0,1,1,2,1,1,2,4,3,2,2,3,0,1,1008,0
59.15,19,0,1,3,1,0,1,0,0,1,1,1,0,4,3,2,3,0,0,3,4398,0
58.21,20,1,2,7,1,0,0,1,0,0,1,1,2,5,3,1,2,3,0,0,1361,0
52.95,24,0,1,2,1,0,0,1,0,1,1,1,2,4,3,0,2,3,0,0,2102,0
63.35,17,1,2,1,1,0,0,1,0,0,6,1,2,6,3,1,5,3,0,0,325,1
45.5,19,0,1,2,1,0,0,1,1,1,1,1,2,5,3,0,2,6,0,1,1958,0
41.98,35,0,0,4,1,1,1,0,1,2,0,1,0,6,4,0,1,3,0,0,2653,0
44.73,14,0,1,10,1,0,0,1,1,1,1,1,2,6,3,0,2,7,0,1,1324,0
77.77,17,0,1,7,1,0,0,1,0,1,1,1,0,4,3,2,2,3,0,0,2173,1
56.27,26,0,2,4,1,0,0,1,0,2,6,1,2,5,3,0,3,3,0,0,2827,1
52.55,20,1,2,8,1,0,0,1,0,1,1,1,2,2,3,1,2,3,0,0,4277,1
43.63,27,0,2,7,1,0,0,0,0,2,1,1,0,2,3,2,2,4,0,3,3861,0
52.19,35,4,2,12,0,1,1,1,0,2,1,1,2,3,2,0,0,9,0,2,2083,0
77.85,46,0,3,7,1,0,0,1,0,0,2,1,2,5,3,0,2,2,0,1,2567,1
55.09,29,0,2,3,1,0,1,1,0,2,1,1,2,6,3,2,0,3,0,0,2194,1
51.25,18,0,1,3,1,0,0,1,0,1,1,1,2,4,3,2,3,3,0,0,2198,0
53.72,22,1,2,5,1,0,0,1,0,1,1,1,2,2,3,0,3,7,0,1,4028,0
67.83,11,0,1,2,1,0,0,1,0,0,1,1,2,4,3,1,5,3,0,0,2302,0
54.76,14,0,1,0,1,0,1,1,0,2,6,1,2,4,3,0,2,3,0,0,3259,0
66.75,15,1,2,6,1,0,0,1,0,1,1,1,2,5,3,2,2,3,0,1,2319,0
45.76,21,0,2,10,1,0,0,1,1,2,1,1,2,2,3,0,2,7,0,1,2130,0
43.19,10,0,1,25,1,0,0,1,1,2,1,1,2,5,3,0,2,3,0,0,3628,0
69.19,12,0,1,2,1,0,0,1,0,1,1,1,2,4,3,0,5,3,0,0,2965,0
53.1,17,0,1,3,1,0,0,1,0,0,1,1,2,4,3,0,2,3,0,0,3948,0
57.61,25,0,2,12,1,0,1,1,0,1,1,1,0,2,3,2,2,7,0,0,2752,1
62.7,11,0,1,7,1,0,0,1,0,2,1,1,0,5,3,0,2,6,0,0,1966,0
78.26,12,0,1,15,1,0,0,1,0,2,6,1,2,5,3,0,2,3,0,0,3821,0
63.93,26,6,2,8,1,0,0,1,0,0,1,1,2,5,3,0,3,7,0,0,2707,1
55.44,26,0,2,10,1,0,1,1,0,2,1,1,2,4,3,0,1,3,0,0,3511,0
76.49,27,0,1,6,1,0,0,1,0,2,6,1,2,4,3,2,2,3,0,0,2476,0
46.44,21,1,2,18,1,1,1,1,1,1,1,1,2,5,3,2,0,3,0,0,1701,0
84.88,30,0,2,11,1,0,0,1,0,2,6,1,0,5,3,2,2,3,0,0,2720,1
66.54,19,0,4,12,1,0,0,1,0,2,1,1,2,6,3,0,3,3,0,0,855,1
45.39,26,2,2,15,0,1,1,1,1,2,1,1,2,3,2,1,0,3,0,0,1441,0
29.98,14,0,2,7,1,0,0,1,1,2,1,1,2,6,3,0,3,9,0,0,8220,0
55.36,28,8,1,16,1,0,1,1,0,2,1,1,2,0,3,2,3,7,0,0,3660,1
68.66,25,3,2,17,1,0,1,1,0,1,2,1,2,5,3,2,2,7,0,1,3874,0
61.94,9,0,1,13,1,0,1,1,0,0,4,1,2,5,3,0,5,3,0,0,2141,0
34.3,53,3,3,7,1,1,1,1,1,2,1,1,2,0,3,2,0,3,0,0,175,1
69.52,21,0,2,10,1,0,0,1,0,0,6,1,1,5,3,0,5,3,0,0,3807,0
47.64,21,0,2,16,1,0,0,1,1,1,2,1,2,5,3,0,5,3,0,0,3406,0
51.81,18,8,2,28,1,0,0,1,0,2,4,1,2,2,3,1,5,3,0,0,3819,0
60.3,33,26,4,26,1,0,1,1,0,2,1,1,2,6,3,0,3,0,0,0,661,1
48.07,28,14,2,22,1,0,0,1,1,1,2,1,2,6,3,0,5,3,0,2,101,0
62.92,23,0,2,16,1,0,1,1,0,2,1,1,2,6,3,2,2,3,0,2,1992,0
77.54,19,1,2,13,1,0,1,1,0,1,1,1,2,6,3,0,3,6,0,0,2842,1
55.22,30,25,2,27,1,0,1,0,0,1,6,1,0,1,3,1,5,3,0,0,1184,1
75.91,20,0,2,12,1,1,1,1,0,2,1,1,2,5,3,0,0,3,0,0,2147,1
51.19,26,1,2,16,1,0,0,0,0,2,1,1,0,1,3,2,3,4,0,3,1176,1
80.34,55,1,2,22,0,1,1,1,0,2,1,1,2,6,2,0,1,8,0,2,1483,1
51.62,13,0,1,8,1,0,1,1,0,0,4,1,2,4,3,0,5,3,0,0,1917,0
46.17,14,0,2,14,1,1,1,1,1,1,1,1,0,2,3,2,5,3,0,3,385,0
47.13,9,1,2,19,1,0,0,1,1,0,5,1,1,4,3,2,2,3,0,1,3037,0
68.83,25,0,0,0,1,1,1,1,0,2,0,1,2,7,4,0,0,3,0,0,3684,0
82.46,23,2,2,10,1,0,0,1,0,2,1,1,2,5,3,2,2,6,0,1,1778,1
81.53,29,5,2,12,1,0,1,1,0,2,6,1,2,5,3,2,2,2,0,1,2526,1
47.71,11,0,1,6,0,1,1,1,1,2,1,1,2,4,3,1,0,3,0,0,1778,0
60.62,35,6,2,16,1,0,0,1,0,2,2,1,2,1,3,1,5,3,0,0,1905,1
43.19,10,0,1,25,1,0,0,1,1,2,1,1,2,5,3,0,2,3,0,0,1289,1
41.63,10,6,2,15,1,0,1,0,1,2,1,1,0,2,3,2,2,4,0,3,3520,0
51.21,19,0,1,18,1,0,1,1,0,0,5,1,2,6,3,1,2,3,0,0,1885,0
89.43,21,1,2,12,1,0,0,1,0,0,1,1,2,4,3,1,2,3,0,0,1270,1
67.38,16,1,2,24,1,0,0,1,0,1,1,1,2,5,3,2,2,2,0,1,1918,0
77.94,47,0,2,14,1,0,1,1,0,0,1,1,2,4,3,0,3,7,0,0,2125,0
70.49,33,0,2,15,1,0,0,1,0,1,2,1,2,4,3,2,3,1,0,0,3576,0
43.19,10,0,1,25,1,0,0,1,1,2,1,1,2,5,3,0,2,3,0,0,3325,0
73.48,50,5,2,23,0,1,1,0,0,2,1,1,0,6,2,2,1,4,0,3,133,1
56.32,50,3,2,22,1,0,1,1,0,1,1,1,0,2,3,2,2,5,0,1,3625,0
50.82,30,0,2,3,0,1,1,1,0,2,1,1,2,7,3,0,0,9,0,2,1828,0
76.68,39,0,0,11,1,0,0,1,0,2,1,1,2,6,3,0,2,6,0,1,4550,1
58.01,18,0,1,0,0,1,1,1,0,2,10,1,2,6,3,0,5,3,0,0,1918,0
92.14,32,10,2,10,1,0,1,1,0,1,2,1,0,5,3,2,3,1,0,0,1221,1
50.98,17,0,1,11,1,0,0,1,0,0,6,1,2,5,3,2,2,2,0,1,1968,0
46.86,30,2,2,15,1,0,0,1,1,2,1,1,2,1,3,0,2,7,0,0,1922,0
86.28,25,2,2,15,1,0,1,1,0,1,1,1,2,5,3,0,2,7,0,1,1516,1
47.64,32,6,2,13,1,0,0,1,1,2,1,1,0,2,3,2,2,5,0,0,3198,0
79.34,45,0,2,22,1,0,0,1,0,2,1,1,2,5,3,0,3,9,0,0,2037,0
51.45,12,1,2,11,1,0,1,1,0,1,1,1,2,2,3,0,5,3,0,0,3598,0
66.73,25,0,2,17,1,0,0,1,0,1,1,1,2,5,3,0,2,2,0,1,1772,0
69.62,34,2,2,19,1,0,0,1,0,2,1,1,2,5,3,0,3,8,0,0,3687,0
76.84,30,3,2,10,1,0,1,0,0,2,1,1,0,4,3,0,2,3,0,0,1048,0
61.53,29,8,2,19,1,0,1,0,0,2,1,3,0,2,3,0,0,3,0,0,2042,1
47.71,25,0,2,24,1,0,0,1,1,2,1,1,2,1,3,0,3,3,0,0,3602,0
74.76,22,1,2,15,1,0,0,1,0,2,1,1,2,5,3,0,3,9,0,0,1828,0
90.43,24,0,2,6,1,0,0,1,0,1,4,1,2,6,3,2,3,3,0,0,800,1
79.97,16,3,2,18,1,1,1,1,0,2,1,1,2,5,3,0,0,3,0,0,2925,0
67.01,26,3,2,13,1,0,0,1,0,1,1,1,2,2,3,2,2,7,0,0,1848,0
70.51,30,3,2,17,1,0,0,1,0,1,1,1,2,4,3,0,5,3,0,0,2734,1
59.75,29,2,2,29,1,0,0,1,0,1,6,1,2,5,3,2,5,2,0,1,3317,0
37.3,28,1,2,21,1,0,0,1,1,1,1,1,2,1,3,2,2,2,0,1,202,0
43.19,10,0,1,25,1,0,0,1,1,2,1,1,2,5,3,0,2,3,0,0,613,1
52.24,40,0,1,0,1,0,1,1,0,2,1,1,2,2,3,2,0,3,0,2,6167,1
81.88,22,0,2,15,1,0,0,1,0,0,1,1,2,5,3,0,2,7,0,1,2338,0
72.26,30,1,2,13,1,0,1,1,0,2,1,1,1,4,3,0,3,2,0,0,1848,0
61.32,13,0,1,8,1,1,1,1,0,2,1,1,2,2,3,2,1,3,0,2,1656,1
86.26,40,6,2,14,1,0,1,1,0,1,2,1,2,5,3,0,2,3,0,0,1255,1
73.01,17,3,2,16,0,1,1,1,0,2,1,1,2,0,2,0,0,3,0,2,348,1
58.16,16,0,2,13,1,0,0,1,0,1,2,1,2,6,3,2,2,7,0,0,5359,0
57.87,26,2,2,12,1,0,0,1,0,2,1,1,0,2,3,2,2,8,0,0,1524,0
44.21,22,3,2,16,1,0,0,1,1,1,1,1,2,7,3,2,2,2,0,1,179,0
83.58,50,2,2,9,1,0,0,1,0,0,1,1,2,5,3,0,3,6,0,0,1256,0
40.5,24,41,2,45,0,1,1,0,1,2,1,1,0,0,2,0,1,4,0,3,452,1
52.79,18,1,2,12,1,0,0,1,0,1,2,1,2,2,3,0,2,1,0,0,1411,1
73.24,67,7,4,10,1,0,1,1,0,1,9,1,2,6,3,0,3,1,0,0,2697,1
48.67,50,6,3,15,1,0,1,1,1,1,1,1,2,2,3,0,2,3,0,1,3385,0
76.84,15,0,1,10,1,0,1,0,0,1,4,1,0,5,3,1,1,3,0,0,2617,1
51.74,22,0,2,12,1,0,0,1,1,1,1,1,2,4,3,2,2,7,0,0,1897,0
70.98,9,0,1,20,1,0,1,1,0,1,1,1,2,5,3,2,5,3,0,0,1930,0
74.79,31,10,2,14,1,0,0,1,0,2,1,1,2,2,3,0,3,1,0,0,1857,1
65.47,27,7,2,20,1,0,1,1,0,2,2,1,0,2,3,0,3,3,0,0,1944,0
64.01,47,16,2,23,1,0,1,1,0,2,1,1,2,2,3,2,3,8,0,0,1854,0
78.41,22,6,2,24,1,0,1,0,0,2,1,3,0,5,3,2,3,4,0,3,1945,0
43.19,10,0,1,25,1,0,0,1,1,2,1,1,2,5,3,0,2,3,0,0,1883,1
63.31,24,2,2,13,1,0,0,0,0,2,1,1,0,5,3,0,3,4,0,3,810,1
34.68,25,15,2,28,1,0,1,1,1,2,1,1,1,4,3,2,3,0,0,0,43,0
72.69,23,1,2,19,0,0,0,1,0,2,1,1,2,7,2,0,5,9,0,2,1767,0
63.25,12,0,1,2,1,0,0,1,0,1,1,1,2,5,3,2,2,3,0,1,260,0
57.15,28,2,2,14,0,1,1,0,0,2,1,3,0,3,2,2,1,4,0,3,1584,0
48.22,29,1,2,21,1,0,1,1,0,1,2,1,2,2,3,0,2,6,0,1,255,0
83.9,25,1,2,10,1,0,0,1,0,2,1,1,2,5,3,0,3,8,0,0,857,1
33.65,21,0,2,17,1,0,1,0,1,2,1,3,0,2,3,0,1,3,0,0,2010,0
59.05,22,2,2,11,1,0,1,1,0,1,1,1,2,2,3,2,2,2,0,1,313,0
65.02,19,0,1,19,1,0,1,1,0,2,1,2,2,4,3,0,3,0,0,0,2163,0
74.58,43,13,2,17,1,0,0,1,0,2,1,1,1,5,3,0,3,7,0,0,1688,1
66.58,31,11,2,16,1,0,1,1,0,2,4,1,2,2,3,0,3,8,0,0,1093,1
66.83,15,8,3,17,1,0,0,1,0,2,1,1,1,5,3,2,2,8,0,1,2050,0
46.63,28,3,2,14,1,0,1,0,1,2,1,3,0,2,3,1,5,3,0,0,1829,0
46.87,50,19,3,21,1,0,0,0,1,2,1,3,0,2,3,0,3,1,0,3,335,0
40.68,17,5,2,16,1,1,1,0,1,2,1,3,0,3,3,1,0,3,0,0,2166,1
61.23,50,15,3,18,0,1,1,0,0,2,1,3,0,3,2,2,1,3,0,0,2504,0
56.28,30,2,4,17,1,0,0,1,0,2,1,1,2,1,3,2,5,0,0,0,989,1
68.74,53,16,3,20,1,0,0,1,0,2,1,1,2,2,3,1,0,3,0,0,625,1
56.48,20,0,1,13,1,0,0,1,0,1,4,1,2,5,3,2,2,1,0,0,1927,0
80.38,50,2,2,15,0,1,1,0,0,2,1,3,0,7,2,0,1,4,0,3,870,1
56.45,27,0,2,11,0,1,1,1,0,2,1,1,2,3,3,0,0,3,0,0,1820,0
58.56,11,0,1,2,1,0,0,1,0,0,5,1,2,5,3,0,2,3,0,1,1662,0
56.41,42,19,3,34,1,0,1,1,0,2,1,2,2,5,3,2,3,5,0,0,1296,1
68.47,45,11,3,14,0,1,1,1,0,2,1,1,2,3,2,1,1,3,0,0,2038,0
43.19,10,0,1,25,1,0,0,1,1,2,1,1,2,5,3,0,2,3,0,0,674,1
48.58,20,0,1,19,0,1,1,1,0,2,1,3,2,3,3,0,0,9,0,2,788,1
73.06,11,0,1,21,1,0,0,1,0,0,5,1,2,5,3,1,5,3,0,0,1840,0
60.71,15,1,2,1,1,0,0,1,0,2,1,1,1,5,3,0,2,7,0,0,1905,0
72.85,16,0,1,26,1,0,0,1,0,1,9,1,2,5,3,0,3,6,0,0,1772,1
43.19,10,0,1,25,1,0,0,1,1,2,1,1,2,5,3,0,2,3,0,0,1652,0
51.01,12,0,2,20,1,0,0,1,0,1,1,1,2,1,3,2,5,3,0,0,2120,0
51.01,47,11,2,20,1,0,0,1,0,1,1,1,2,2,3,2,2,6,0,1,2120,0
57.41,20,0,1,18,1,0,0,1,0,1,6,1,2,5,3,0,2,2,0,1,1890,0
54.6,18,1,2,15,1,0,1,1,0,1,1,1,1,2,3,2,2,5,0,1,1809,0
54.06,19,1,2,20,1,0,1,1,0,2,1,1,2,5,3,0,3,5,0,0,1647,0
56.58,47,5,2,26,1,0,0,1,0,2,1,1,2,2,3,0,2,1,0,0,2081,0
72.16,21,0,2,17,0,1,1,1,0,2,1,1,1,7,3,1,0,3,0,0,1876,0
54.22,40,1,2,15,1,0,0,1,0,1,1,1,2,5,3,1,1,3,0,0,188,1
58.72,31,1,2,20,1,0,1,1,0,2,1,1,2,5,3,2,1,3,0,0,1970,0
77.92,21,3,2,18,1,0,0,1,0,1,1,1,2,5,3,0,2,7,0,1,511,0
43.19,10,0,1,25,1,0,0,1,1,2,1,1,2,5,3,0,2,3,0,0,1938,0
73.53,24,0,2,16,1,0,0,0,0,2,1,1,0,4,3,1,1,3,0,0,1938,0
66.72,16,7,2,15,1,0,0,1,0,1,1,1,2,5,3,0,2,7,0,1,1014,1
71.1,35,0,2,13,1,0,0,1,0,1,6,1,2,4,3,0,2,2,0,1,1940,0
44.02,60,22,3,22,0,1,1,1,1,2,1,1,2,3,2,2,5,3,0,2,295,1
83.17,22,6,2,27,1,0,0,1,0,1,1,1,2,5,3,0,2,2,0,1,732,1
50.48,42,2,2,17,1,0,0,1,0,1,1,1,2,2,3,2,5,2,0,1,2166,0
81.89,21,15,2,34,1,0,1,1,0,1,6,1,2,5,3,2,2,6,0,0,1647,0
85.21,20,4,2,25,1,0,1,1,0,2,1,1,2,5,3,0,2,8,0,0,1678,0
78.86,40,4,2,19,1,0,0,1,0,2,6,1,0,5,3,0,3,0,0,0,1910,0
63.61,57,2,2,20,1,0,1,1,0,1,6,1,2,5,3,0,2,2,0,1,180,0
60.07,14,0,2,13,1,1,1,1,0,0,9,1,2,4,3,2,5,3,0,2,1655,0
60.07,40,3,2,16,1,0,0,1,0,2,6,1,2,5,3,1,5,3,0,0,2566,0
69.79,20,2,2,14,1,0,1,0,0,2,1,1,0,1,3,0,3,4,0,3,1365,1
68.29,4,0,1,15,1,1,1,1,0,1,4,1,2,4,3,0,0,3,0,0,1959,0
88.29,13,0,1,14,0,1,1,1,0,2,1,1,2,7,3,2,1,3,0,0,1885,1
82.17,15,3,2,16,1,0,0,1,0,1,1,1,1,5,3,1,3,3,0,0,1851,0
57.41,25,1,2,17,0,1,1,0,0,2,1,3,0,3,2,0,1,4,0,3,2178,0
50.32,15,0,1,10,1,0,0,1,0,1,4,1,2,4,3,0,3,7,0,0,2143,0
56.73,26,1,2,19,1,0,1,1,0,2,1,1,2,2,3,0,3,0,0,0,2037,0
71.58,17,1,2,15,1,0,1,1,0,1,1,1,2,4,3,1,5,3,0,0,1903,0
61.67,26,0,2,20,1,0,0,1,0,1,1,1,2,5,3,0,2,6,0,1,387,0
49.87,33,18,4,21,1,0,0,1,1,1,6,1,2,5,3,2,3,7,0,1,1664,1
40.07,23,1,2,10,1,0,0,1,1,1,1,1,2,2,3,0,2,6,0,0,1678,0
56.96,24,0,2,19,0,1,1,1,0,2,1,1,2,0,3,2,0,9,0,2,1768,0
59.45,13,0,2,0,1,0,0,1,0,2,2,1,0,2,3,0,3,0,0,0,877,1
54.38,35,2,2,5,1,0,0,1,0,0,2,1,2,2,3,0,2,2,0,1,2040,0
63.2,16,0,1,3,1,0,1,1,0,0,1,1,2,4,3,2,2,7,0,1,1502,0
54.43,23,0,2,6,1,0,1,1,0,2,1,1,0,5,3,2,3,8,0,0,1884,0
43.19,10,0,1,25,1,0,0,1,1,2,1,1,2,5,3,0,2,3,0,0,1294,1
90.02,20,0,1,13,1,0,0,1,0,1,4,1,2,5,3,2,2,2,0,1,1405,1
56.84,18,0,1,4,1,0,0,1,0,1,1,1,1,5,3,2,3,9,0,0,2006,0
49.28,50,2,2,14,1,0,0,1,1,1,2,1,2,2,3,1,5,3,0,0,2006,0
85.09,34,2,3,8,1,0,1,1,0,2,1,1,0,5,3,1,3,3,0,0,1068,1
81.44,22,0,2,10,1,0,0,1,0,1,6,1,2,5,3,0,2,3,0,1,1838,0
60.5,16,0,1,14,1,1,1,0,0,2,1,1,0,5,3,2,1,3,0,0,1835,0
60.48,21,0,1,8,1,0,0,1,0,1,1,1,2,5,3,0,2,3,0,1,1859,0
58.98,13,17,3,20,0,1,1,1,0,2,1,1,1,3,2,1,0,3,0,0,1179,1
87.18,26,2,2,13,1,0,1,0,0,2,1,1,0,4,3,2,3,4,0,3,858,1
33.97,70,4,2,14,1,0,1,1,1,1,1,1,2,2,3,0,2,0,0,0,1340,0
58.35,13,0,1,1,0,1,1,0,0,2,1,3,0,0,3,0,1,4,0,3,1385,0
60.95,26,4,2,11,1,0,1,1,0,2,1,1,2,2,3,2,2,3,0,0,2021,0
67.94,39,3,2,17,1,0,0,1,0,2,1,1,0,2,3,2,3,3,0,0,2015,0
61.78,15,0,1,13,1,1,1,1,0,0,6,1,1,5,3,0,0,3,0,0,2036,0
76.49,17,0,1,14,1,0,0,1,0,1,1,1,2,5,3,2,2,0,0,0,1967,0
59.34,11,0,0,0,1,0,0,1,0,2,10,1,2,7,3,0,3,3,0,0,764,0
54.29,80,3,3,15,1,0,0,1,0,2,2,1,2,2,3,0,3,8,0,0,1121,0
54.15,20,0,1,17,1,0,0,1,1,2,1,1,2,5,3,2,2,8,0,0,1527,0
54.62,25,0,2,12,0,0,1,1,0,2,1,3,2,3,3,2,5,3,0,2,1440,0
74.02,23,3,2,19,1,0,0,1,0,1,1,1,2,5,3,1,2,3,0,0,1561,0
33.83,22,0,2,16,0,1,1,0,1,2,1,3,0,2,3,0,1,3,0,0,2354,0
51.86,13,0,1,1,1,0,1,1,1,2,1,1,2,5,3,0,2,8,0,1,1871,0
54.22,19,0,1,1,0,1,1,1,0,2,1,1,2,3,3,0,0,9,0,2,1092,1
39.53,16,1,2,17,0,1,1,0,1,2,1,3,0,3,2,2,5,4,0,3,746,1
49.61,21,2,2,18,1,0,0,1,1,2,1,2,2,2,3,0,3,0,0,0,2226,0
38.72,22,3,2,14,1,0,0,0,1,2,1,3,0,2,3,0,1,3,0,0,1883,0
60.78,50,7,3,18,1,0,1,1,0,2,2,1,2,2,3,0,2,8,0,0,1103,1
57.57,32,0,2,11,1,0,0,1,0,2,1,1,2,2,3,0,2,2,0,1,1651,0
57.36,15,0,1,2,1,0,0,1,0,1,5,1,2,7,3,1,5,3,0,0,1918,0
50.64,25,0,2,11,1,0,0,1,0,0,4,1,2,5,3,0,0,3,0,0,2267,0
41.46,10,0,1,11,0,1,1,1,1,2,1,3,0,1,3,1,5,3,0,0,1955,0
81.9,30,10,3,12,1,0,0,1,0,1,1,1,2,5,3,1,2,3,0,0,684,0
43.4,30,0,3,18,1,0,0,1,1,1,6,1,2,5,3,0,2,3,0,0,399,0
85.21,28,0,2,23,1,0,0,1,0,2,1,1,2,5,3,0,3,3,0,0,1169,0
77.22,40,21,3,26,0,1,1,1,0,2,1,1,2,3,2,2,0,3,0,2,1099,1
63.19,19,7,2,21,1,1,1,1,0,2,1,1,2,2,3,1,0,3,0,0,1883,1
60.0,26,4,2,22,1,0,0,1,0,0,2,1,2,2,3,0,5,2,0,1,475,0
57.27,29,0,2,2,1,0,0,1,0,1,1,1,0,5,3,0,2,3,0,1,1847,0
36.56,22,0,2,2,1,1,1,1,1,2,1,1,2,3,3,0,0,9,0,2,253,0
43.19,10,0,1,25,1,0,0,1,1,2,1,1,2,5,3,0,2,3,0,0,1790,0
56.41,30,5,2,17,1,1,1,1,0,2,1,1,2,2,3,1,0,3,0,0,1871,0
60.77,23,0,2,2,1,0,0,1,0,1,2,1,0,5,3,0,2,6,0,1,499,0
68.16,21,0,2,11,1,0,0,1,0,2,2,1,2,5,3,2,2,2,0,1,1930,0
56.38,12,1,2,2,1,0,0,1,0,0,1,1,2,5,3,2,2,3,0,1,1821,0
60.74,21,1,2,2,0,1,0,1,0,2,1,1,2,3,2,0,1,8,0,0,1351,1
58.71,18,0,1,3,1,0,0,1,0,2,1,1,2,5,3,2,2,2,0,1,749,0
42.68,11,0,1,3,1,0,1,1,1,1,1,1,0,4,3,1,5,3,0,0,1395,0
41.48,11,0,1,2,1,0,0,1,1,2,1,1,2,5,3,1,0,3,0,0,1876,0
71.84,60,1,3,20,1,0,0,1,0,2,1,1,2,5,3,2,5,3,0,0,1592,0
59.84,31,0,2,21,1,0,0,1,0,1,1,1,2,5,3,2,2,2,0,1,1851,0
56.74,24,0,2,9,1,0,0,1,0,0,1,1,2,5,3,2,2,3,0,0,1876,0
73.39,32,1,2,14,1,0,0,1,0,1,1,1,2,5,3,0,2,8,0,1,1667,0
42.89,20,1,2,5,1,0,0,1,1,1,2,1,2,2,3,0,3,2,0,0,402,0
62.81,15,0,1,5,0,1,1,1,0,2,1,2,2,3,3,0,0,9,0,2,1482,0
47.92,17,0,1,2,1,0,0,1,1,1,1,1,1,5,3,2,2,8,0,1,1857,0
61.99,65,23,3,24,1,0,1,1,0,2,1,1,1,2,3,2,5,3,0,1,1637,0
52.2,30,3,2,4,1,0,0,1,0,1,6,1,2,5,3,0,2,2,0,1,2964,0
54.08,0,0,0,1,0,1,1,0,0,2,0,1,0,6,3,1,1,3,0,0,299,0
40.65,10,0,2,0,1,0,1,1,1,2,1,1,2,1,3,2,5,3,0,1,2425,0
48.47,25,0,2,6,0,1,1,1,1,2,1,1,2,3,3,0,0,3,0,2,2922,0
73.22,19,2,2,2,1,0,0,1,0,1,1,1,2,5,3,2,2,3,0,1,3295,1
53.64,26,1,2,11,1,0,1,1,0,2,1,1,2,2,3,2,2,1,0,1,2317,0
67.46,25,7,4,17,1,0,0,1,0,1,1,1,2,1,3,0,2,7,0,0,1456,1
60.12,16,0,1,21,0,0,0,1,0,2,1,1,1,2,3,0,5,3,0,0,4098,0
59.07,35,3,2,17,0,0,0,1,0,2,1,1,2,2,2,0,3,8,0,0,3986,0
51.56,17,2,2,11,1,0,0,1,0,2,1,1,2,2,3,1,5,3,0,0,3746,0
46.66,12,0,1,11,1,0,0,1,1,1,1,1,2,5,3,1,2,3,0,0,3463,0
43.19,10,0,1,25,1,0,0,1,1,2,1,1,2,5,3,0,2,3,0,0,3658,0
59.8,14,1,2,25,1,0,1,1,0,0,1,1,2,2,3,0,5,3,0,0,3512,0
61.89,37,26,2,30,1,0,0,1,0,2,1,1,2,2,3,0,2,8,0,0,723,1
64.21,20,0,0,22,1,1,1,0,0,2,0,1,0,6,4,1,0,3,0,0,2565,1
66.11,12,0,1,14,1,1,1,1,0,0,1,1,2,5,3,0,5,3,0,2,3367,0
38.86,19,0,1,20,1,0,1,1,1,2,1,1,2,2,3,0,2,8,0,0,2273,0
39.3,23,5,2,18,1,0,0,1,1,2,1,1,2,2,3,2,5,0,0,0,1458,1
45.9,27,1,2,27,1,0,1,1,1,2,1,1,0,5,3,0,0,3,0,0,2082,0
74.46,52,1,3,12,1,0,0,1,0,2,2,1,2,2,3,1,3,3,0,0,2380,1
83.92,26,6,2,12,1,0,1,1,0,2,1,1,2,5,3,2,5,5,0,0,1235,1
51.45,12,1,2,11,1,0,1,1,0,1,1,1,2,2,3,0,5,2,0,1,3598,0
66.73,25,0,2,17,1,0,0,1,0,1,1,1,2,5,3,2,3,3,0,0,3961,0
76.84,30,3,2,10,1,0,1,0,0,2,1,1,0,4,3,0,3,4,0,3,839,0
60.12,15,1,0,19,1,0,1,1,0,1,1,1,2,6,3,0,3,7,0,0,394,0
76.32,32,0,2,9,1,0,0,1,0,1,2,1,2,5,3,0,5,3,0,0,1559,1
61.53,29,8,2,19,1,0,1,0,0,2,1,3,0,2,3,0,1,3,0,0,2042,1
86.99,20,14,2,14,1,0,1,0,0,1,1,1,0,5,3,2,2,3,0,0,2572,1
82.35,16,0,1,16,1,0,0,1,0,2,1,1,2,4,3,2,2,3,0,0,3335,1
69.88,28,0,2,29,0,1,1,1,0,2,1,1,0,6,3,0,0,3,0,0,2935,1
47.71,25,0,2,24,1,0,0,1,1,2,1,1,2,1,3,0,2,6,0,0,3602,0
48.39,22,0,1,11,0,1,1,0,1,2,1,1,0,0,3,2,5,3,0,3,1138,1
61.28,17,1,2,27,1,0,0,1,0,1,1,1,2,4,3,2,2,6,0,1,2352,0
74.96,23,14,2,30,1,0,0,1,0,2,1,1,2,2,3,0,3,3,0,0,1785,1
68.99,20,0,2,5,1,0,0,1,0,2,1,1,0,5,3,0,3,3,0,0,6705,0
61.79,20,0,1,13,1,0,0,1,0,0,1,1,2,5,3,2,2,6,0,0,2344,0
76.22,65,0,0,25,1,0,0,1,0,1,9,1,1,6,3,2,2,6,0,1,2382,0
71.21,21,1,2,12,1,0,0,1,0,2,1,1,2,5,3,0,2,1,0,0,427,0
48.1,55,4,3,9,1,0,0,1,0,1,2,1,0,2,3,0,2,3,0,1,1482,0
68.47,21,5,2,14,1,0,0,1,0,2,1,1,2,5,3,2,3,1,0,0,930,1
51.42,10,0,1,7,1,0,1,1,0,1,4,1,2,5,3,1,3,3,0,0,1514,0
59.64,42,6,2,14,1,0,0,1,0,1,6,1,2,2,3,1,5,3,0,0,1204,0
70.53,29,1,2,3,1,0,1,1,0,1,1,1,0,5,3,2,3,6,0,1,1577,0
33.8,40,2,2,12,1,0,0,1,1,2,1,2,0,2,3,2,2,3,0,0,2218,0
43.19,10,0,1,25,1,0,0,1,1,2,1,1,2,5,3,0,2,3,0,0,236,1
84.76,30,0,2,16,0,1,1,1,0,2,1,1,2,6,3,0,0,3,0,0,466,1
75.67,22,0,2,14,1,0,0,1,0,1,1,1,2,4,3,0,2,2,0,1,56,0
41.31,20,0,1,17,1,0,0,1,1,2,1,1,2,4,3,0,3,6,0,0,273,0
76.72,28,1,2,5,1,0,1,1,0,2,1,1,2,5,3,0,3,5,0,0,1525,0
77.99,65,1,3,9,1,0,1,1,0,1,2,1,2,5,3,1,2,3,0,0,185,0
50.41,24,1,2,18,1,0,0,1,0,1,2,1,0,2,3,1,2,3,0,0,1995,0
76.35,22,0,2,10,0,1,1,1,0,1,1,1,2,6,3,0,5,3,0,0,1540,0
59.96,35,25,4,30,1,0,1,0,0,1,1,1,0,5,3,2,3,4,0,0,1841,0
60.27,30,15,2,35,1,0,0,1,0,2,1,3,0,2,3,0,3,8,0,0,1766,0
84.0,17,0,1,18,1,0,1,1,0,2,1,1,2,4,3,0,3,7,0,0,978,0
74.94,55,0,0,1,1,0,0,1,0,2,10,1,2,6,3,1,3,3,0,0,487,0
62.34,90,13,3,14,0,1,1,0,0,1,6,3,0,3,2,0,1,4,0,3,1040,1
77.96,45,1,3,9,1,0,1,1,0,2,1,1,1,5,3,0,3,3,0,0,1327,0
77.48,16,0,1,1,1,0,0,1,0,1,2,1,1,5,3,0,2,2,0,1,1079,0
64.55,17,2,2,2,1,0,0,1,0,1,1,1,2,2,3,0,5,2,0,1,1648,0
77.48,24,9,2,25,1,0,0,1,0,1,1,1,2,5,3,0,3,2,0,0,1466,0
46.85,24,1,2,21,1,0,1,1,1,1,1,1,2,2,3,2,2,3,0,1,2004,0
70.5,27,9,2,14,1,0,1,1,0,2,9,1,2,5,3,2,2,5,0,0,1856,0
43.19,10,0,1,25,1,0,0,1,1,2,1,1,2,5,3,0,2,3,0,0,880,1
79.52,21,1,2,19,1,0,0,1,0,1,1,1,2,4,3,0,2,6,0,1,1415,0
58.08,18,0,1,9,1,0,0,1,0,1,2,1,0,4,3,0,2,7,0,1,1704,0
83.19,18,0,1,8,1,0,1,1,0,1,4,1,2,4,3,2,3,2,0,0,824,1
53.1,30,2,2,3,1,0,0,1,0,2,1,3,0,2,3,2,2,3,0,0,1577,0
76.81,25,5,2,16,0,1,1,1,0,2,3,1,2,7,2,0,0,9,0,2,463,0
51.15,12,2,2,13,1,0,1,1,0,0,1,1,2,1,3,0,2,7,0,0,363,0
71.3,18,2,2,9,1,0,1,1,0,1,1,1,2,5,3,0,2,3,0,1,1498,0
75.65,24,0,2,6,1,0,0,1,0,2,1,1,0,4,3,1,3,3,0,0,626,0
43.19,10,0,1,25,1,0,0,1,1,2,1,1,2,5,3,0,2,3,0,0,1464,0
48.99,19,1,2,8,1,0,0,1,1,2,1,1,2,1,3,2,2,5,0,0,257,0
75.98,38,3,2,11,1,0,1,1,0,2,2,1,2,5,3,0,3,6,0,0,871,1
72.14,40,0,2,8,1,1,1,1,0,0,4,1,2,4,3,1,5,3,0,0,922,0
63.86,17,0,1,5,1,0,0,1,0,1,1,1,2,4,3,2,3,2,0,1,1561,0
38.9,25,1,2,1,1,0,1,1,1,2,4,1,2,2,3,2,5,3,0,0,489,0
62.97,14,1,2,21,1,0,1,1,0,2,10,1,2,2,3,0,5,3,0,0,501,0
70.04,30,1,2,10,1,0,0,1,0,1,6,1,2,5,3,0,2,3,0,1,971,0
66.52,12,0,1,2,1,0,0,1,0,1,1,1,2,5,3,1,5,3,0,0,1092,0
64.28,16,1,2,3,1,0,1,1,0,1,1,1,1,4,3,0,2,2,0,1,1291,0
61.11,20,0,2,1,1,0,1,1,0,2,1,1,2,5,3,0,3,3,0,0,1057,1
63.98,10,0,1,2,1,0,1,1,0,1,1,1,2,5,3,2,5,6,0,0,1121,0
38.35,20,0,1,2,1,0,0,0,1,2,1,1,0,2,3,0,3,0,0,0,342,0
84.41,25,1,2,4,1,0,0,1,0,1,1,1,2,2,3,2,2,7,0,1,1403,1
51.92,20,0,1,2,1,0,1,1,0,1,1,1,2,5,3,2,2,3,0,1,965,0
76.5,14,0,1,3,1,1,1,1,0,2,1,1,2,4,3,2,0,3,0,2,1171,0
26.36,12,0,1,3,1,0,0,1,1,2,1,1,2,5,3,0,2,5,0,0,358,1
43.19,10,0,1,25,1,0,0,1,1,2,1,1,2,5,3,0,2,3,0,0,787,0
66.95,32,1,2,1,1,0,1,1,0,1,1,1,2,5,3,1,5,3,0,0,922,0
50.39,18,0,1,3,0,1,1,1,0,2,1,1,2,3,3,0,0,3,0,0,1393,0
66.09,13,0,1,2,1,0,0,1,0,1,1,1,2,5,3,0,5,3,0,0,1112,0
56.34,14,1,2,2,1,0,1,1,0,1,1,1,2,5,3,2,5,3,0,1,1227,0
79.12,20,0,1,14,1,0,0,1,0,0,1,1,2,7,3,0,2,7,0,1,1010,0
73.46,60,12,3,44,1,1,1,0,0,2,1,1,0,5,3,0,1,4,0,2,402,1
71.06,30,5,3,12,1,0,0,1,0,1,1,1,2,5,3,0,2,3,0,1,1057,0
67.06,33,6,2,11,1,0,1,1,0,1,2,1,2,5,3,0,3,3,0,0,77,1
60.62,8,4,2,4,1,0,0,1,0,0,1,1,2,5,3,2,2,6,0,1,1065,0
79.48,21,2,2,13,1,0,1,1,0,1,1,1,2,5,3,0,2,1,0,0,522,0
85.12,21,1,2,10,1,0,0,0,0,2,1,1,0,4,3,2,1,3,0,0,867,0
69.95,28,2,2,17,1,1,1,1,0,2,2,1,2,5,3,2,1,8,0,0,727,1
82.5,24,0,2,5,1,0,0,1,0,0,1,1,2,5,3,2,2,7,0,1,1283,0
69.73,60,0,1,10,1,0,0,1,0,2,10,1,2,6,3,2,5,3,0,0,1176,0
43.19,10,0,1,25,1,0,0,1,1,2,1,1,2,5,3,0,2,3,0,0,564,1
58.65,100,0,2,2,1,0,1,1,0,1,6,1,2,5,3,2,5,3,0,1,126,0
60.89,25,2,2,16,0,1,1,1,0,2,1,2,1,2,2,0,0,9,0,2,819,0
82.87,45,0,0,0,0,1,1,1,0,1,9,1,2,7,3,2,5,3,0,2,8,1
43.19,10,0,1,25,1,0,0,1,1,2,1,1,2,5,3,0,2,3,0,0,560,1
78.78,8,0,1,3,1,0,0,1,0,1,1,1,0,4,3,0,2,3,0,0,600,1
50.94,14,0,1,2,1,0,0,0,0,2,1,1,0,5,3,0,5,4,0,3,760,0
57.76,16,0,1,4,0,1,1,0,0,2,1,3,0,0,3,0,1,3,0,0,1661,0
78.27,84,10,3,15,0,1,1,1,0,2,1,1,2,3,2,0,0,9,0,2,318,1
61.31,25,9,2,17,1,0,0,1,0,2,1,1,2,2,3,0,2,8,0,0,730,1
76.24,34,11,2,31,1,0,0,0,0,2,1,1,0,5,3,0,3,0,0,0,2083,0
43.19,10,0,1,25,1,0,0,1,1,2,1,1,2,5,3,0,2,3,0,0,2957,1
82.34,14,1,2,12,1,0,0,1,0,1,1,1,2,5,3,0,5,3,0,0,2533,0
59.22,39,0,2,20,0,1,1,1,0,2,1,1,2,3,3,0,0,3,0,0,498,1
54.85,0,0,0,0,1,1,1,1,0,2,0,1,2,6,4,2,0,3,0,0,2001,0
79.41,35,4,2,12,1,0,0,1,0,2,1,1,2,6,3,0,3,3,0,0,433,1
73.64,30,0,2,19,1,0,0,1,0,0,1,1,2,6,3,2,2,6,0,1,37,0
43.19,10,0,1,25,1,0,0,1,1,2,1,1,2,5,3,0,2,3,0,0,1271,1
56.47,23,15,2,26,1,0,1,1,0,2,1,1,2,2,3,2,3,8,0,0,2810,1
83.68,37,2,2,22,1,0,1,1,0,0,5,1,2,4,3,2,2,2,0,1,3277,0
57.41,28,3,2,15,1,1,1,1,0,2,1,1,2,2,3,2,0,3,0,2,3241,0
79.61,19,1,2,11,1,0,0,0,0,2,1,1,0,5,3,0,3,4,0,3,1293,1
41.32,46,1,2,16,1,0,0,1,1,1,2,1,2,6,3,2,5,3,0,0,929,1
50.62,25,3,2,10,1,0,0,1,1,1,1,1,2,1,3,2,2,7,0,0,1655,0
68.19,33,3,2,13,0,1,1,1,0,2,1,1,2,3,2,0,0,3,0,0,2266,0
83.01,22,1,2,26,1,0,0,1,0,1,1,1,2,4,3,2,2,2,0,1,2582,0
70.6,28,0,2,21,0,1,1,1,0,2,1,1,2,5,3,0,5,3,0,2,1916,1
72.14,37,0,1,0,1,1,1,0,0,2,0,1,0,6,4,1,5,3,0,0,1215,0
57.96,20,0,1,3,0,1,1,0,0,1,1,3,0,7,0,0,2,4,1,3,1791,1
60.29,15,0,1,3,0,1,1,0,0,2,1,3,0,4,0,2,1,3,1,0,5222,0
54.11,15,0,1,9,1,0,1,1,1,0,5,1,0,6,0,2,2,2,1,1,1437,1
62.59,20,1,2,3,1,1,1,1,0,1,6,1,2,4,1,2,5,3,1,2,5196,0
52.98,10,0,1,2,1,0,0,1,0,0,5,1,2,7,0,0,2,7,1,1,5490,0
58.99,25,1,2,10,1,0,0,1,0,0,5,1,2,4,1,1,2,3,1,0,5292,0
59.63,20,0,1,5,1,0,0,1,0,2,1,1,2,4,0,0,3,0,1,0,4902,0
43.72,15,10,3,10,0,0,0,1,1,0,5,1,2,0,2,0,2,6,1,1,1948,1
65.07,18,0,1,5,1,0,0,1,0,1,2,1,2,7,0,2,5,3,1,1,4703,0
43.19,10,0,1,25,1,0,0,1,1,2,1,1,2,5,3,0,2,3,0,0,2673,1
66.22,16,0,1,4,1,0,0,1,0,1,1,1,0,7,0,0,3,3,1,0,2673,1
53.53,14,2,2,2,1,0,0,1,0,0,5,1,2,5,1,2,2,2,1,1,3855,0
62.54,16,0,1,5,1,0,0,0,0,2,1,3,0,5,0,0,3,3,1,0,5352,0
61.22,15,1,2,6,1,0,1,1,0,2,1,1,2,5,1,2,3,3,1,0,5056,0
43.19,10,0,1,25,1,0,0,1,1,2,1,1,2,5,3,0,2,3,0,0,573,1
70.69,10,0,1,6,1,0,0,1,0,2,1,1,0,5,0,0,3,1,1,0,5202,0
30.67,35,3,2,4,0,0,0,1,1,2,1,1,1,3,2,2,3,0,1,0,1355,1
34.2,3,0,1,6,1,1,1,1,1,1,1,1,2,7,0,1,0,3,1,0,1589,1
69.45,27,6,3,11,1,0,1,1,0,2,1,1,2,5,1,2,0,3,1,0,1343,1
62.56,24,0,1,5,1,0,1,1,0,1,5,1,2,4,0,2,2,5,1,1,2211,1
68.76,17,1,2,7,1,0,1,1,0,2,1,1,2,5,1,0,3,0,1,0,5318,0
61.78,15,0,1,7,1,0,1,1,0,1,5,1,2,7,0,0,3,2,1,0,4911,0
43.19,10,0,1,25,1,0,0,1,1,2,1,1,2,5,3,0,2,3,0,0,3997,1
48.07,15,0,1,4,1,0,0,1,1,1,1,1,2,6,0,2,2,6,1,1,4860,0
54.59,11,1,2,8,1,0,0,1,0,0,2,1,2,5,1,0,2,3,1,0,5224,0
47.94,20,1,2,6,0,1,1,1,1,1,5,1,2,0,2,0,0,3,1,0,4857,0
56.04,13,0,1,8,0,0,0,1,0,1,1,3,1,5,0,0,3,3,1,0,4787,0
44.82,9,0,1,7,0,0,0,1,1,0,5,1,1,7,0,0,2,3,1,0,4861,0
60.59,8,0,1,8,0,1,1,1,0,2,1,3,2,6,0,0,0,3,1,0,3242,1
44.88,15,3,2,5,1,0,0,1,1,0,1,1,2,5,1,2,2,3,1,1,4748,0
28.62,40,11,3,13,0,0,0,1,1,2,1,1,2,3,2,0,3,8,1,0,1542,1
61.99,35,4,3,11,1,0,1,1,0,2,1,1,2,5,1,0,3,0,1,0,4011,0
49.94,12,1,2,2,0,0,1,1,0,2,1,2,0,3,2,0,3,5,1,3,5173,0
48.25,15,3,2,7,0,1,1,0,1,2,1,1,0,3,2,0,1,4,1,3,747,1
45.57,30,0,1,4,1,0,0,1,1,1,6,1,2,5,0,0,5,3,1,0,5145,0
46.85,30,1,2,2,1,0,0,1,1,1,2,2,2,5,1,0,2,7,1,0,5069,1
68.23,19,0,1,1,1,0,0,1,0,0,5,1,2,6,0,0,2,7,1,1,4521,0
60.13,13,0,1,5,1,0,0,1,0,0,5,1,2,6,0,2,2,2,1,1,2933,1
47.48,30,0,1,0,1,0,1,1,1,0,2,1,0,6,0,2,2,7,1,1,4362,0
51.36,35,0,1,0,1,0,0,1,1,1,2,1,2,4,0,2,2,6,1,1,2457,1
30.95,37,1,2,1,0,1,1,1,1,2,1,1,0,3,2,0,0,9,1,2,5025,0
66.11,35,0,1,2,0,1,1,1,0,1,6,1,2,4,0,2,5,2,1,1,5213,0
38.16,45,4,3,7,0,1,1,0,1,2,1,2,0,0,2,1,0,3,1,0,1050,1
63.1,15,2,2,3,1,0,0,1,0,1,1,1,2,5,1,2,3,6,1,1,3541,1
70.32,26,0,1,3,1,0,0,1,0,1,8,1,2,4,0,2,3,3,1,0,4408,0
57.48,15,1,2,4,1,0,1,1,0,1,1,1,2,5,1,1,5,3,1,0,4832,0
65.79,17,0,1,4,1,0,0,1,0,2,1,1,0,5,0,2,3,2,1,1,5087,0
53.11,21,1,2,5,1,0,0,1,0,2,1,1,2,5,1,0,3,1,1,0,5221,0
59.9,15,0,1,2,1,0,0,1,0,1,6,1,2,7,0,0,3,6,1,0,4800,0
60.32,45,5,3,9,1,0,0,1,0,1,6,1,2,4,1,0,2,3,1,0,5108,0
56.79,16,0,1,5,1,1,1,1,0,2,1,1,1,5,0,1,0,3,1,0,1345,1
54.4,17,0,1,3,1,0,0,1,0,2,1,1,1,5,0,2,3,5,1,0,1111,1
66.06,35,7,3,9,1,0,0,1,0,1,5,1,1,4,1,2,3,6,1,0,3950,1
62.76,17,1,2,4,1,0,0,1,0,1,5,1,2,4,1,1,4,3,1,0,5173,0
36.8,20,0,1,6,1,0,0,1,1,1,6,1,2,7,0,0,2,9,1,0,4717,0
64.32,30,1,2,6,1,0,0,1,0,1,6,1,0,4,1,2,3,0,1,0,1213,1
62.36,28,3,2,8,1,0,1,0,0,2,1,3,0,5,1,0,2,4,1,3,2048,1
47.03,25,0,1,4,1,0,0,1,1,1,5,1,2,6,0,2,2,7,1,0,1837,0
40.79,17,0,1,3,1,0,0,1,1,1,1,1,2,7,0,0,2,2,1,1,5086,0
50.38,35,1,2,3,1,0,0,1,0,1,1,2,0,4,1,1,1,3,1,0,3323,1
67.62,25,0,1,7,1,0,0,1,0,1,1,1,2,4,0,0,3,7,1,0,4866,0
42.07,12,0,1,5,1,0,1,1,1,1,1,1,2,7,0,2,3,0,1,1,5064,0
57.94,20,1,2,3,1,0,0,1,0,2,2,1,2,5,1,2,3,1,1,0,2631,1
50.07,15,0,1,6,1,0,0,1,1,0,5,1,2,6,0,2,2,5,1,0,4535,0
43.19,10,0,1,25,1,0,0,1,1,2,1,1,2,5,3,0,2,3,0,0,4910,0
63.01,18,0,1,3,1,0,1,1,0,1,1,1,2,7,0,0,3,7,1,0,2576,1
65.25,13,0,1,3,1,0,0,1,0,1,1,1,0,7,0,2,3,2,1,0,4751,0
64.25,22,0,1,6,1,0,0,1,0,0,5,1,2,7,0,1,5,3,1,0,5580,0
61.95,19,0,1,3,1,0,0,1,0,0,5,1,2,6,0,0,2,6,1,1,5059,0
40.06,18,0,1,5,1,0,0,1,1,2,1,1,2,5,0,2,2,3,1,0,4811,0
57.39,16,0,1,5,0,1,0,1,0,2,3,1,2,7,0,2,0,3,1,0,3175,0
35.97,11,0,1,5,1,0,0,0,1,2,1,3,0,5,0,0,5,3,1,0,4899,0
36.5,11,1,2,6,0,1,1,1,1,2,1,1,2,3,2,2,0,9,1,2,4703,0
42.9,23,2,2,6,0,1,1,1,1,2,1,1,2,3,2,0,0,3,1,0,4860,0
56.85,9,1,1,3,1,1,1,1,0,1,1,1,2,7,0,0,1,2,1,2,4489,0
59.84,20,0,1,5,1,0,0,1,0,2,1,1,2,4,0,2,2,2,1,1,1651,1
67.12,27,0,1,4,1,0,0,1,0,1,2,1,1,4,0,0,2,7,1,0,4671,0
60.48,14,0,1,4,1,0,1,1,0,1,6,1,2,6,0,2,2,2,1,1,4430,0
43.19,10,0,1,25,1,0,0,1,1,2,1,1,2,5,3,0,2,3,0,0,592,1
61.08,13,0,1,4,1,0,1,1,0,1,1,1,2,7,0,2,2,1,1,1,5132,0
60.76,19,0,1,7,1,0,1,1,0,2,1,2,0,4,0,0,3,8,1,3,4402,0
55.8,14,0,1,5,1,0,1,1,0,1,6,1,2,6,0,2,2,3,1,1,4381,0
58.85,5,0,1,3,0,0,1,1,0,1,1,1,2,6,0,0,0,3,1,0,4491,1
65.04,35,18,3,21,1,1,1,0,0,2,1,2,0,5,1,0,1,4,1,3,1186,1
60.11,15,1,2,4,1,0,0,1,0,1,5,1,2,4,1,2,2,2,1,1,4930,0
60.65,26,0,1,9,0,1,1,1,0,2,1,1,2,5,0,2,0,8,1,2,1296,1
31.48,31,11,3,12,0,1,1,1,1,2,1,1,2,3,2,2,0,3,1,0,283,1
43.19,10,0,1,25,1,0,0,1,1,2,1,1,2,5,3,0,2,3,0,0,4770,0
36.25,23,0,1,10,1,0,1,1,1,1,4,1,2,7,0,2,3,5,1,0,4311,0
61.53,22,0,1,8,1,0,1,1,0,1,6,1,2,4,0,0,2,6,1,1,4245,0
45.3,22,1,2,8,0,1,1,1,1,2,1,1,2,3,2,2,0,9,1,2,4936,0
43.19,10,0,1,25,1,0,0,1,1,2,1,1,2,5,3,0,2,3,0,0,4247,1
59.58,20,1,2,1,1,0,1,1,0,0,8,1,2,4,1,2,2,3,1,1,3626,0
47.1,20,2,2,11,1,0,0,1,1,0,5,1,2,4,1,0,2,3,1,1,4944,0
66.84,15,0,1,6,0,1,1,0,0,2,1,2,0,4,0,1,0,3,1,0,4436,0
68.18,13,0,1,7,1,0,1,1,0,1,5,1,2,6,0,2,5,3,1,0,4846,0
59.29,25,9,3,10,1,0,0,1,0,1,6,1,2,4,1,1,5,3,1,0,620,1
49.83,25,0,1,15,1,0,0,1,1,1,1,1,2,5,0,0,3,3,1,0,4944,0
34.83,25,1,2,13,0,1,1,1,1,2,1,1,2,3,2,0,0,3,1,0,3768,1
59.6,20,5,3,8,0,1,1,1,0,2,1,1,2,3,2,0,0,9,1,2,4614,0
48.93,16,0,1,4,1,0,0,1,1,0,5,1,2,7,0,0,2,2,1,1,4241,0
33.9,30,2,2,8,0,1,1,1,1,2,1,1,2,3,2,0,0,9,1,2,958,1
59.13,20,0,1,4,1,0,0,1,0,0,4,1,2,6,0,1,3,3,1,0,4388,0
45.74,25,8,3,10,0,1,1,1,1,2,1,1,0,3,2,0,1,0,1,0,432,1
37.01,37,5,3,8,0,1,1,0,1,2,1,3,0,3,2,0,1,3,1,0,423,1
58.14,13,0,1,1,1,0,0,1,0,0,5,1,1,6,0,0,2,3,1,0,4740,0
53.31,20,1,2,5,0,1,1,1,0,1,1,1,2,3,2,0,1,3,1,0,4430,0
46.9,17,0,1,5,1,0,0,1,1,1,1,1,2,6,0,0,3,3,1,0,4850,0
63.1,18,0,1,4,1,0,0,1,0,2,1,1,2,5,0,0,3,3,1,0,3252,0
44.08,15,0,1,5,1,0,0,1,1,0,5,1,2,6,0,0,2,2,1,1,4858,1
70.19,17,1,2,5,1,0,0,0,0,2,1,3,0,4,1,0,3,3,1,0,3038,1
66.97,27,0,1,3,0,0,0,1,0,2,1,1,2,4,0,0,2,3,1,0,816,1
36.47,15,0,1,4,1,0,0,1,1,1,1,1,2,6,0,2,2,3,1,1,3359,0
39.07,15,0,1,4,1,0,0,1,1,1,1,1,2,7,0,0,2,0,1,0,4709,0
52.67,12,0,1,6,1,0,0,1,0,0,5,1,2,7,0,0,2,3,1,0,4619,0
43.08,18,0,1,3,1,0,0,1,1,1,1,1,2,7,0,0,3,9,1,0,904,1
69.79,30,3,2,4,1,0,0,1,0,1,1,1,2,5,1,2,3,7,1,0,159,1
31.02,30,2,2,4,0,1,1,1,1,2,1,1,2,3,2,0,0,9,1,2,4412,0
69.67,25,0,1,2,1,0,1,1,0,2,1,1,2,4,0,2,2,5,1,1,4704,0
53.99,10,4,3,10,1,1,1,1,1,1,5,1,2,5,1,2,1,3,1,2,4803,0
69.48,30,7,3,9,1,0,1,1,0,2,1,1,0,5,1,2,1,4,1,3,288,1
50.3,18,2,2,7,1,0,0,1,1,2,1,1,2,5,1,2,2,7,1,0,4857,0
66.86,13,0,1,5,1,0,0,1,0,1,1,1,1,7,0,0,2,2,1,1,3062,0
46.49,25,2,2,3,1,0,0,1,1,1,2,1,2,4,1,0,2,3,1,1,4514,0
69.6,15,2,2,5,1,0,0,1,0,1,1,1,2,5,1,2,2,2,1,1,4628,0
40.02,15,0,1,0,1,0,0,1,1,0,5,1,2,6,0,0,2,6,1,1,3318,1
56.26,15,1,2,4,1,0,0,0,0,1,5,1,0,5,1,2,3,4,1,3,4749,0
64.04,20,0,1,4,1,0,1,0,0,2,1,1,0,5,0,2,3,8,1,3,4733,0
48.47,15,0,1,6,1,0,0,1,1,0,5,1,2,6,0,1,2,3,1,0,4426,0
63.65,20,0,1,4,0,1,1,1,0,2,1,1,2,5,0,1,0,3,1,0,4778,0
46.7,18,1,2,9,1,0,0,0,1,2,1,2,0,5,1,2,2,4,1,3,4506,0
58.1,16,0,1,5,1,0,0,1,0,2,1,1,2,5,0,0,2,6,1,1,4398,0
61.42,12,0,1,4,1,0,1,1,0,2,1,1,2,4,0,2,2,6,1,0,4817,0
50.45,12,1,2,6,0,1,1,1,0,2,1,1,1,3,2,0,0,3,1,0,4388,0
62.32,30,1,2,6,1,0,1,1,0,1,6,1,2,4,1,0,2,2,1,0,3772,0
45.75,23,0,1,5,1,0,0,1,1,1,1,1,2,7,0,2,2,7,1,1,4423,0
60.09,20,6,3,6,1,0,1,1,0,1,1,1,2,5,1,2,5,3,1,2,471,1
48.48,12,0,1,4,1,0,0,1,1,1,1,1,0,6,0,2,3,1,1,0,3447,1
51.94,12,0,1,4,1,0,0,1,0,0,2,1,2,7,0,2,2,7,1,1,4118,0
50.37,23,1,2,8,1,0,1,1,1,0,5,1,2,5,1,2,2,3,1,1,4474,0
39.7,15,1,2,6,0,1,1,1,1,2,1,1,2,3,2,0,0,0,1,2,4528,0
56.83,10,0,1,7,1,0,0,1,0,2,1,1,2,4,0,0,3,1,1,0,4482,0
37.89,13,1,2,8,0,1,1,0,1,2,1,3,0,3,2,0,1,4,1,3,4494,0
49.92,22,0,2,1,1,0,1,1,0,2,1,1,2,5,0,0,2,5,1,0,4273,0
60.93,17,0,1,6,1,0,1,0,0,2,1,1,0,5,0,0,3,8,1,0,1277,1
46.76,21,2,2,4,0,0,1,0,1,2,3,3,0,3,2,0,1,3,1,0,1069,1
50.01,15,0,1,5,1,0,0,1,0,0,1,1,2,7,0,0,2,2,1,1,4153,0
69.07,19,0,1,0,1,0,0,1,0,1,1,1,2,4,0,0,2,2,1,1,2112,1
54.64,22,0,1,3,1,0,1,1,1,1,1,1,1,5,0,0,2,6,1,1,4493,0
53.19,13,0,1,4,1,0,0,1,0,1,5,1,2,7,0,0,2,2,1,1,2964,0
67.2,35,0,1,7,0,1,1,1,0,2,1,1,2,4,0,2,0,9,1,2,2215,1
57.17,16,0,1,5,1,0,0,1,0,1,6,1,2,7,0,2,2,6,1,1,4668,0
59.53,30,0,1,4,1,0,1,1,0,2,1,1,2,4,0,2,3,3,1,0,4647,0
55.3,43,1,2,10,0,1,1,1,0,2,1,1,2,3,2,0,0,9,1,2,961,1
47.74,40,2,2,5,0,1,1,1,1,2,1,1,2,3,2,2,0,3,1,2,4422,0
65.69,36,1,2,3,1,0,1,1,0,2,1,1,2,5,1,2,3,5,1,0,1338,1
62.87,17,0,1,6,0,1,1,1,0,2,1,1,2,7,0,0,0,3,1,0,4391,0
43.19,10,0,1,25,1,0,0,1,1,2,1,1,2,5,3,0,2,3,0,0,857,1
46.7,20,0,1,4,1,0,0,1,1,0,5,1,2,6,0,0,2,3,1,1,4741,0
60.29,18,2,2,5,0,1,1,1,0,2,3,1,2,3,2,0,0,8,1,2,4481,0
50.54,15,0,1,5,1,0,0,1,1,1,5,2,2,7,0,0,2,7,1,1,4475,0
68.5,30,2,2,9,1,0,0,1,0,2,1,1,2,5,1,0,3,0,1,0,2433,1
43.68,25,0,1,5,1,0,0,1,1,1,6,1,2,7,0,2,5,3,1,1,4721,0
65.58,19,0,1,5,1,0,0,1,0,1,1,1,2,6,0,0,2,3,1,0,4633,0
56.73,38,2,2,4,1,0,0,1,0,2,2,1,2,5,1,0,3,3,1,0,4570,1
60.34,20,2,2,6,1,0,0,1,0,1,1,1,2,5,1,0,2,8,1,0,4356,0
58.55,15,0,1,1,1,0,1,0,0,2,1,3,0,5,0,0,3,4,1,3,862,1
28.96,20,0,1,4,1,0,1,0,1,1,1,1,0,7,0,2,2,4,1,0,2261,1
48.34,27,2,2,5,1,0,0,1,1,0,5,1,2,4,1,0,2,2,1,1,4694,0
61.07,16,2,2,6,1,0,1,1,0,1,6,1,2,5,1,0,2,2,1,1,3021,0
63.06,12,0,1,4,1,0,0,1,0,0,1,1,2,6,0,0,2,2,1,1,3940,1
62.39,17,0,1,1,1,0,1,1,0,2,1,1,0,4,0,0,1,8,1,3,4381,0
50.26,22,4,3,11,0,1,1,1,0,2,1,1,0,3,2,2,0,8,1,2,4230,0
42.17,16,1,2,3,0,1,1,1,1,2,1,1,2,3,2,0,0,3,1,0,4468,0
43.19,10,0,1,25,1,0,0,1,1,2,1,1,2,5,3,0,2,3,0,0,4570,0
66.76,16,1,1,10,1,0,0,1,0,1,1,1,0,5,1,2,2,7,1,0,4108,0
54.95,13,0,1,5,1,0,0,1,0,1,1,1,2,6,0,2,2,6,1,1,3901,0
43.6,14,0,1,2,1,0,0,1,1,2,5,1,2,5,0,0,3,3,1,0,4584,0
58.31,13,0,1,3,0,1,1,1,0,2,1,1,2,5,0,0,0,3,1,0,4056,0
44.94,17,1,2,3,0,1,1,1,1,2,1,1,2,3,2,0,0,3,1,0,4125,0
63.03,17,0,1,6,0,0,0,1,0,0,5,1,2,6,0,2,2,6,1,1,718,1
58.31,17,0,1,3,1,0,0,1,0,1,5,1,2,7,0,0,2,3,1,1,4136,0
50.66,17,0,1,5,1,0,0,0,1,2,1,2,0,5,0,2,3,4,1,0,4535,0
41.4,20,0,1,7,1,0,0,1,1,0,4,1,2,6,0,0,2,3,1,0,2991,1
56.81,26,3,2,12,1,0,0,1,0,2,1,1,2,5,1,2,3,3,1,0,1675,1
50.21,18,0,1,5,1,0,0,1,1,0,1,1,2,7,0,0,2,2,1,1,4020,0
52.91,17,1,2,14,1,0,0,1,0,2,1,1,0,5,1,1,3,3,1,0,1536,1
59.43,20,0,1,6,0,1,1,1,0,2,1,1,2,5,0,0,0,9,1,2,1964,1
63.53,20,6,3,12,1,0,0,0,0,2,1,3,0,5,1,0,3,4,1,3,680,1
45.0,28,0,1,8,1,0,0,1,1,2,1,1,2,4,0,2,3,0,1,0,1246,1
43.19,10,0,1,25,1,0,0,1,1,2,1,1,2,5,3,0,2,3,0,0,988,1
60.04,18,0,1,7,0,1,1,1,0,2,3,1,2,4,0,2,0,9,1,2,3915,0
60.42,25,0,1,2,1,0,0,1,0,2,1,1,2,4,0,1,5,3,1,0,4026,0
42.72,25,1,2,4,0,1,1,1,1,2,1,1,2,3,2,1,0,3,1,0,3961,0
48.75,15,0,1,5,1,0,0,1,1,1,5,1,2,6,0,0,2,2,1,1,4135,0
64.99,19,0,1,1,1,0,1,1,0,1,1,1,2,6,0,2,3,6,1,0,3803,0
49.5,32,0,1,9,1,0,0,1,1,1,5,1,2,4,0,0,3,3,1,0,4076,0
63.96,20,1,2,4,1,0,0,1,0,2,9,1,2,5,1,0,3,3,1,0,3985,0
69.65,35,1,2,5,1,0,1,1,0,1,5,1,2,5,1,0,2,6,1,1,4124,0
56.03,20,0,1,2,0,1,1,0,0,2,1,3,0,7,0,2,1,4,1,3,1139,1
62.96,30,0,1,3,1,0,0,1,0,1,1,1,2,4,0,0,2,7,1,0,4305,0
33.76,23,0,1,6,1,0,0,1,1,1,1,1,1,7,0,2,2,3,1,0,4209,0
62.62,30,0,1,9,1,0,0,1,0,1,1,1,2,4,0,2,3,2,1,0,4372,0
39.4,17,0,1,7,1,0,0,1,1,1,1,1,2,6,0,0,2,2,1,1,4390,0
48.53,27,4,3,20,0,1,1,0,1,2,1,3,0,3,2,0,1,4,1,3,3269,0
47.75,25,0,1,6,1,0,0,1,1,2,1,1,0,5,0,0,3,8,1,0,1141,1
48.48,28,0,1,6,1,0,0,0,1,2,1,3,0,5,0,0,3,4,1,3,803,1
57.31,16,0,1,6,1,0,1,0,0,2,1,2,0,5,0,0,3,4,1,3,2046,1
56.42,20,0,1,6,1,0,1,1,0,2,1,1,2,7,0,0,0,3,1,0,326,1
51.18,27,1,2,2,1,0,0,1,0,1,1,1,2,5,1,0,2,6,1,1,4307,0
65.62,23,0,1,3,0,0,1,1,0,2,3,1,2,4,0,0,0,9,1,2,4079,0
66.15,16,0,1,3,1,0,1,1,0,1,1,1,0,7,0,0,3,7,1,0,4040,0
65.5,18,0,1,5,1,0,0,1,0,1,6,1,2,6,0,0,2,3,1,1,2626,1
60.99,20,0,1,4,1,0,0,0,0,2,2,2,0,5,0,2,2,4,1,3,3415,1
53.36,20,3,2,16,1,0,0,1,0,2,1,1,0,5,1,1,2,3,1,0,4241,0
61.26,40,0,1,4,1,0,1,0,0,2,1,3,0,4,0,0,3,4,1,3,4087,0
38.49,28,8,3,12,0,1,1,1,1,2,1,1,2,3,2,2,0,3,1,0,696,1
40.06,35,3,2,5,0,1,1,0,1,2,1,3,0,3,2,0,1,0,1,3,1669,1
59.3,20,1,2,3,1,0,0,1,0,2,1,1,0,5,1,0,3,7,1,0,4080,0
63.34,20,0,1,7,1,0,1,1,0,2,1,1,0,5,0,0,3,5,1,0,4131,0
43.19,10,0,1,25,1,0,0,1,1,2,1,1,2,5,3,0,2,3,0,0,4178,0
59.29,25,3,2,3,0,1,1,1,0,2,1,1,2,3,2,0,0,3,1,0,4243,0
41.17,28,3,2,8,0,0,0,1,1,2,1,2,0,3,2,0,3,3,1,0,1503,1
50.92,17,1,2,5,1,0,0,1,0,1,1,1,2,5,1,2,2,2,1,1,3835,0
55.28,26,7,3,7,1,0,1,1,0,2,1,3,2,5,1,0,2,7,1,1,3781,0
59.16,20,0,1,7,1,0,0,1,0,1,1,1,2,5,0,0,3,3,1,0,3104,0
49.08,26,1,2,2,1,0,1,1,1,1,6,1,2,4,1,2,5,3,1,1,4027,0
68.86,25,1,2,5,1,0,0,1,0,2,1,1,2,5,1,0,2,2,1,0,3964,0
37.05,30,1,2,5,0,1,1,0,1,2,1,3,0,3,2,0,1,3,1,0,763,1
70.52,21,0,1,2,1,0,0,1,0,2,1,1,2,5,0,2,3,3,1,0,3263,0
43.67,17,1,2,15,1,0,0,1,1,1,5,1,2,4,1,2,2,7,1,1,4246,0
51.52,17,0,1,4,1,0,0,1,0,1,1,1,1,7,0,0,2,7,1,1,3726,0
64.04,30,0,1,8,1,0,1,1,0,2,1,1,2,4,0,0,5,1,1,1,3596,1
43.19,10,0,1,25,1,0,0,1,1,2,1,1,2,5,3,0,2,3,0,0,985,1
57.66,20,0,1,6,1,0,0,1,0,1,1,1,0,6,0,0,3,6,1,0,3716,0
40.92,16,2,2,3,1,0,0,1,1,1,1,1,2,5,1,2,2,3,1,0,4180,0
55.3,15,0,1,26,1,0,0,1,0,2,1,1,2,5,0,0,1,3,1,0,4135,0
21.93,35,6,3,10,0,1,1,0,1,1,1,1,0,3,2,0,1,4,1,3,1164,1
56.4,55,2,2,4,0,1,1,0,0,2,1,3,0,3,2,0,1,4,1,3,1884,0
68.59,17,0,1,5,0,1,1,1,0,2,3,1,2,6,0,0,0,9,1,2,3506,0
60.3,22,1,2,7,1,0,0,1,0,2,1,1,2,5,1,2,5,3,1,2,4037,0
43.58,27,0,1,4,1,0,1,1,1,2,1,1,0,5,0,0,3,0,1,0,3737,0
41.1,50,0,2,4,0,0,1,0,1,2,1,3,0,3,2,0,1,4,1,3,824,1
45.74,20,0,1,5,1,0,0,1,1,1,5,1,2,6,0,0,3,2,1,0,3072,1
62.09,20,1,2,8,1,0,0,1,0,2,1,1,2,5,1,2,3,0,1,0,3544,1
53.5,31,5,3,5,0,1,1,0,0,2,1,2,0,3,2,0,1,4,1,3,465,1
66.91,30,0,1,2,0,1,1,1,0,2,1,1,2,6,0,2,0,3,1,0,3898,0
50.79,27,3,2,8,0,1,1,1,1,2,1,1,2,3,2,2,0,9,1,2,3721,0
39.28,16,1,2,4,1,0,0,1,1,2,9,1,1,5,1,0,3,0,1,0,4108,0
67.6,20,1,2,8,1,0,0,1,0,0,5,1,2,5,1,0,2,3,1,0,1788,1
65.56,27,5,3,5,1,0,1,1,0,2,1,1,0,5,1,0,3,0,1,0,3460,0
60.3,22,3,2,4,1,0,1,1,0,2,1,2,0,5,1,1,5,3,1,0,2582,1
71.03,25,0,1,7,0,1,1,0,0,2,1,3,0,6,0,0,1,3,1,0,3410,0
70.94,26,1,2,11,1,0,0,1,0,1,5,1,2,4,1,0,1,3,1,0,3389,1
48.12,15,6,3,6,1,0,1,1,1,1,1,1,2,5,1,0,5,3,1,0,2587,1
49.84,21,0,1,4,1,0,0,1,1,2,1,2,2,5,0,2,2,6,1,1,4046,0
68.13,40,0,1,5,1,0,0,1,0,2,0,1,2,6,0,0,2,3,1,0,990,1
66.85,20,1,2,5,1,0,0,1,0,1,1,1,2,4,1,0,2,2,1,0,3339,0
55.95,25,0,2,1,0,1,1,1,0,2,2,1,2,2,2,0,0,0,1,2,3880,0
53.04,37,0,1,5,1,0,1,1,0,2,2,1,2,4,0,0,1,3,1,0,746,1
60.15,12,1,2,4,1,0,0,1,0,1,1,1,2,5,1,0,3,8,1,0,3775,0
68.61,40,0,1,6,0,1,1,0,0,2,1,3,0,7,0,0,1,4,1,3,3319,0
63.95,34,3,2,4,1,0,0,1,0,2,1,1,2,5,1,2,3,3,1,0,3695,0
43.19,10,0,1,25,1,0,0,1,1,2,1,1,2,5,3,0,2,3,0,0,3296,0
70.77,25,1,2,4,1,0,1,1,0,2,1,1,2,4,1,0,2,3,1,1,1164,1
41.52,20,0,1,4,1,0,0,1,1,0,1,1,0,6,0,0,2,2,1,1,3736,0
51.01,15,0,1,4,1,0,0,1,0,2,1,1,2,5,0,2,2,3,1,0,3289,0
43.19,10,0,1,25,1,0,0,1,1,2,1,1,2,5,3,0,2,3,0,0,3872,0
57.01,25,0,1,6,1,0,1,1,0,2,1,1,2,4,0,2,3,3,1,0,2260,1
48.16,18,0,1,5,1,0,0,1,1,1,5,1,2,7,0,0,2,7,1,1,2782,1
40.78,25,0,1,4,1,0,0,1,1,1,1,1,2,6,0,2,2,2,1,1,3586,0
49.45,22,0,1,4,1,0,0,1,1,2,1,1,2,5,0,0,3,1,1,0,3793,0
60.45,23,0,1,5,1,0,0,1,0,2,1,1,2,5,0,0,3,7,1,0,3794,1
53.89,16,0,1,4,1,0,1,1,0,1,1,1,2,7,0,0,3,5,1,0,3766,0
54.6,24,1,2,4,1,0,1,1,0,2,1,1,2,5,1,0,3,0,1,0,5353,0
65.89,20,0,1,4,1,0,0,0,0,1,2,1,0,6,0,2,2,3,1,1,3324,0
43.56,23,0,1,4,1,0,0,0,1,2,1,1,0,5,0,0,2,3,1,0,2168,0
63.82,12,0,1,2,0,0,0,1,0,0,5,1,2,6,0,0,2,2,1,1,3331,0
49.37,15,0,1,4,1,0,1,1,1,0,5,1,2,5,0,2,2,2,1,1,2976,0
43.19,10,0,1,25,1,0,0,1,1,2,1,1,2,5,3,0,2,3,0,0,3327,0
62.03,26,1,2,5,1,0,0,1,0,1,5,1,2,4,1,0,2,7,1,1,3509,0
35.5,15,0,1,2,1,0,0,1,1,1,1,1,2,7,0,2,2,6,1,1,3005,0
57.91,13,0,1,9,0,1,1,0,0,2,1,3,0,7,0,0,1,3,1,0,3368,0
76.96,20,0,0,10,1,0,1,1,0,1,4,1,2,7,0,0,2,3,2,1,3026,1
74.51,40,0,2,0,1,0,1,1,0,1,1,1,2,5,1,0,2,3,2,0,842,1
70.31,20,0,0,6,1,0,0,1,0,1,1,1,2,7,0,0,1,5,2,0,1490,1
61.16,15,0,0,3,1,0,0,1,0,2,1,1,2,5,0,0,3,8,2,0,3197,1
66.37,18,0,1,4,1,0,0,1,0,1,6,1,2,5,0,2,3,3,2,0,7495,0
64.91,35,3,2,13,1,0,0,1,0,2,1,1,0,4,1,2,3,3,2,0,4665,0
73.15,25,0,2,13,1,0,0,1,0,2,1,1,2,6,0,1,1,3,2,0,1342,1
72.36,22,0,0,5,1,0,1,1,0,2,1,1,2,5,0,2,2,7,2,0,351,1
63.23,25,0,2,5,0,1,1,0,0,2,3,1,2,7,0,0,1,3,2,0,4978,0
76.17,40,3,0,13,1,0,1,1,0,2,1,1,2,4,1,0,3,5,2,0,8321,1
71.32,20,4,0,17,1,0,0,1,0,1,1,1,2,4,1,2,2,6,2,1,4179,1
56.14,25,0,2,4,0,1,1,1,0,2,1,1,1,5,0,0,0,3,2,0,3170,1
82.17,22,5,3,5,1,0,0,1,0,1,2,1,2,5,1,0,2,3,2,0,3723,0
59.24,13,0,1,0,1,0,0,1,0,1,1,1,2,6,0,2,1,3,2,0,456,1
50.23,25,0,2,23,1,0,0,1,0,1,1,1,2,5,0,0,5,3,2,0,8941,1
63.17,22,0,2,16,1,0,0,1,0,2,1,1,2,7,0,0,1,3,2,0,5160,1
74.45,30,0,2,0,1,0,0,1,0,2,1,1,2,6,0,2,2,3,2,0,8725,0
65.46,20,1,2,17,1,0,1,1,0,1,1,1,2,5,1,2,1,3,2,0,8441,1
56.19,10,0,0,9,1,0,0,1,0,1,1,1,2,6,0,0,2,7,2,1,2034,1
73.2,30,0,2,0,1,0,0,1,0,2,1,1,2,7,0,2,1,3,2,0,6513,1
54.35,40,4,0,11,0,1,1,0,0,2,1,1,0,2,2,0,1,4,2,3,5244,1
63.05,20,0,1,8,1,0,0,1,0,2,1,1,2,6,0,0,3,3,2,0,7745,1
60.33,20,0,1,9,1,0,0,1,0,2,1,1,2,7,0,0,1,3,2,0,4962,1
43.06,20,4,0,29,0,1,1,1,1,2,6,1,2,3,2,2,0,3,2,2,6529,1
57.85,35,4,0,16,1,0,0,1,0,1,1,1,2,4,1,2,3,8,2,0,469,1
54.22,30,0,0,10,1,0,0,1,1,2,1,1,2,7,0,2,3,3,2,0,1891,1
74.31,10,2,0,7,1,0,0,1,0,1,1,1,2,5,1,2,2,6,2,1,1487,1
67.02,30,0,2,13,1,0,1,1,0,1,1,1,2,5,0,0,3,3,2,0,4810,1
58.8,40,0,2,4,1,0,0,1,0,0,1,1,1,6,0,0,1,3,2,0,2535,1
72.39,35,1,2,16,1,0,0,1,0,1,1,1,2,5,1,0,4,3,2,0,1657,1
75.87,50,0,0,3,1,0,1,1,0,1,1,1,2,5,0,2,2,6,2,1,1965,1
54.01,30,4,0,14,1,0,1,1,0,1,1,1,2,5,1,2,3,8,2,0,3468,1
68.25,40,0,2,7,1,0,0,1,0,2,1,1,2,6,0,2,2,3,2,0,1091,1
67.46,20,0,1,11,1,0,1,1,0,1,1,1,2,6,0,2,0,3,2,0,7606,1
73.91,18,1,2,28,1,0,1,1,0,2,1,1,2,5,1,0,1,3,2,0,9193,0
80.81,55,1,3,2,1,0,1,1,0,1,1,1,1,4,1,2,2,3,2,0,6111,1
28.04,45,0,0,23,0,0,1,1,1,2,1,1,2,6,0,0,2,5,2,0,3005,1
37.85,18,4,2,14,0,0,0,0,1,1,1,1,0,3,2,0,1,3,2,0,1017,1
74.32,20,3,2,9,1,0,0,1,0,1,1,1,2,5,1,0,3,3,2,0,2961,1
55.07,35,1,0,9,1,0,0,0,0,1,1,1,0,5,1,0,1,4,2,3,1798,1
68.32,30,0,2,31,1,0,0,1,0,2,1,1,2,6,0,2,1,3,2,0,3966,1
60.0,23,1,2,5,1,0,1,1,0,2,1,1,0,5,1,2,1,3,2,0,7326,1
49.61,10,0,1,14,1,0,0,1,1,2,1,1,2,7,0,0,2,3,2,0,7801,1
55.62,40,2,2,8,1,0,0,1,0,1,1,1,2,5,1,2,2,3,2,0,1023,0
65.49,20,0,0,4,1,0,1,0,0,0,6,1,0,5,0,2,1,1,2,0,5245,0
54.16,30,0,0,4,1,0,1,1,0,1,1,1,2,7,0,2,2,7,2,1,2905,1
70.24,20,2,2,13,1,0,1,1,0,1,1,1,2,5,1,2,3,3,2,0,6575,1
70.58,30,1,2,18,1,0,1,1,0,2,1,1,2,5,1,2,1,3,2,0,1653,1
66.91,15,0,1,18,0,1,1,1,0,2,1,1,2,7,0,2,0,3,2,0,5671,0
69.19,21,0,2,16,1,0,0,1,0,0,5,1,2,6,0,0,2,3,2,0,2671,1
58.02,40,5,2,7,1,0,0,1,0,2,1,1,2,5,1,2,2,3,2,0,7041,1
51.93,50,0,2,10,1,0,0,0,0,1,1,1,0,4,0,2,1,3,2,0,8805,0
72.44,20,1,2,14,1,0,0,1,0,2,1,1,2,5,1,2,3,3,2,0,5337,0
63.39,30,1,2,4,1,0,1,1,0,1,1,1,1,5,1,0,2,3,2,0,514,1
61.22,50,24,2,26,1,0,0,1,0,2,1,1,2,5,1,2,1,3,2,0,5894,1
70.75,29,2,2,13,1,0,0,1,0,2,1,1,2,4,1,2,2,3,2,0,2617,1
63.34,20,2,2,6,1,0,1,1,0,2,1,1,0,5,1,2,1,3,2,0,4936,0
34.36,20,0,1,14,0,1,1,1,1,2,3,1,2,7,0,0,0,3,2,0,7067,1
64.5,25,0,2,12,1,0,1,1,0,0,1,1,2,6,0,2,2,3,2,0,8507,0
74.98,20,0,1,1,1,0,0,1,0,1,1,1,2,7,0,0,3,3,2,0,6239,1
35.14,40,18,2,19,0,1,1,0,1,2,1,1,0,3,2,2,1,3,2,0,5208,1
73.2,62,3,3,10,1,0,1,1,0,2,1,1,2,5,1,2,2,3,2,0,1011,1
68.09,25,0,2,8,1,0,1,1,0,2,1,1,2,6,0,2,1,3,2,0,5692,0
61.57,40,4,2,19,1,0,1,0,0,2,1,1,0,5,1,2,1,3,2,0,5958,1
35.64,15,3,2,10,0,1,1,0,1,2,1,1,0,3,2,2,1,3,2,0,6786,1
70.27,20,0,1,8,1,1,1,1,0,2,1,1,2,7,0,2,1,3,2,0,932,1
59.23,30,1,2,13,1,0,0,1,0,2,1,1,2,4,1,2,3,3,2,0,2044,1
77.12,20,2,0,4,1,0,1,1,0,2,1,1,2,5,1,2,2,3,2,1,3856,1
59.16,8,0,3,0,0,1,1,0,0,2,1,1,0,3,2,2,1,3,2,0,3421,1
50.08,20,0,1,9,1,0,0,1,0,2,1,1,1,7,0,1,5,3,2,0,356,1
74.6,25,3,2,18,1,0,0,1,0,1,1,1,2,5,1,0,2,3,2,0,4339,0
77.51,30,0,2,0,1,0,0,1,0,2,1,1,2,5,0,2,2,3,2,0,3584,1
40.04,16,0,1,14,1,0,0,1,1,1,1,1,2,6,0,2,5,3,2,0,1277,1
59.75,20,3,2,14,1,0,0,1,0,0,1,1,2,5,1,0,5,3,2,0,8735,0
68.49,30,4,2,6,1,0,0,1,0,1,1,1,2,5,1,0,2,3,2,0,1844,1
44.4,10,0,1,7,0,1,1,1,1,2,1,1,2,7,0,2,0,3,2,0,4930,1
43.19,10,0,1,25,1,0,0,1,1,2,1,1,2,5,3,0,2,3,0,0,2501,1
44.89,25,3,2,10,0,1,1,1,1,2,3,1,2,3,2,2,0,3,2,0,6197,1
68.16,32,0,2,10,0,1,1,1,0,2,1,1,2,6,0,2,0,3,2,0,7248,1
56.11,20,0,1,6,1,0,0,1,0,1,1,1,2,7,0,0,2,3,2,0,501,1
69.01,10,0,0,13,1,0,0,1,0,1,1,1,0,7,0,0,2,6,2,0,8303,0
70.84,45,1,2,2,1,0,0,1,0,2,1,1,2,5,1,2,0,3,2,0,7943,1
74.84,25,1,2,1,1,0,1,1,0,2,1,1,2,5,1,2,1,3,2,0,5127,1
47.29,15,0,1,15,1,0,0,1,1,1,1,1,2,6,0,0,2,3,2,0,4443,1
61.21,15,0,1,5,1,0,1,1,0,0,1,1,2,5,0,1,2,3,2,0,8555,0
50.42,1,1,2,3,0,1,1,0,0,2,1,1,0,3,2,2,1,3,2,0,3794,1
51.25,30,0,2,18,1,0,0,1,0,0,1,1,2,5,0,0,2,3,2,0,7954,0
72.74,45,1,2,4,1,0,0,1,0,1,1,1,2,5,1,0,2,3,2,0,7673,0
71.93,25,0,2,10,1,0,0,1,0,2,1,1,2,7,0,0,3,3,2,0,5920,1
48.44,15,0,1,4,1,0,0,1,1,1,1,1,2,7,0,2,2,3,2,0,1235,1
67.92,25,6,2,11,1,0,0,1,0,1,1,1,2,5,1,2,3,3,2,0,4207,0
63.83,40,3,0,7,1,0,0,1,0,2,1,1,2,5,1,0,2,7,2,1,3581,1
39.14,30,2,2,12,0,1,1,0,1,2,1,3,0,0,2,1,0,3,2,0,5735,0
58.38,20,2,2,9,1,0,0,1,0,2,1,1,2,5,1,2,3,3,2,0,1688,1
42.79,15,0,1,7,1,0,0,1,1,1,1,1,2,7,0,2,5,3,2,0,3684,1
55.42,15,0,1,15,1,0,1,1,0,1,1,1,2,7,0,2,2,3,2,0,7177,0
71.47,20,0,0,7,1,0,0,1,0,1,1,1,2,7,0,0,2,7,2,1,3652,0
40.05,12,0,0,6,1,0,0,1,1,1,1,1,0,7,0,0,3,0,2,0,2704,1
39.51,53,6,3,8,0,1,1,1,1,2,1,1,2,0,2,1,0,3,2,0,7390,0
40.83,50,2,0,12,0,1,1,1,1,2,1,1,2,3,2,0,0,9,2,2,4257,0
61.88,10,4,0,19,1,0,1,1,0,1,1,1,2,5,1,0,2,2,2,0,6852,0
64.61,15,0,1,14,1,0,1,0,0,2,1,1,0,7,0,0,1,3,2,0,2680,0
55.65,20,4,0,15,1,0,0,1,0,2,2,1,2,5,1,2,2,2,2,0,4290,1
67.03,25,2,0,19,1,0,0,1,0,2,1,1,2,5,1,2,2,3,2,1,5599,1
66.37,15,2,0,8,1,0,0,1,0,2,1,1,2,5,1,2,2,2,2,0,5046,0
71.17,30,0,2,5,1,0,0,1,0,2,1,1,1,7,0,0,3,3,2,0,3288,1
61.59,25,0,0,18,0,1,1,1,0,2,1,1,0,7,0,2,1,6,2,0,3570,1
64.93,15,2,0,12,1,0,0,1,0,2,1,1,2,5,1,2,2,2,2,1,6018,0
66.27,35,1,0,11,1,0,0,1,0,2,1,1,2,5,1,0,3,5,2,0,4457,1
78.21,15,0,1,12,0,1,1,0,0,2,1,3,0,6,0,1,1,3,2,0,6808,0
59.13,23,1,0,17,1,0,1,0,0,1,1,3,0,4,1,0,3,4,2,3,1244,1
75.19,20,0,0,4,1,0,0,1,0,2,1,1,0,6,0,0,3,0,2,0,2700,1
61.67,25,0,0,5,1,0,1,1,0,1,1,1,2,7,0,0,3,2,2,0,5056,1
69.96,35,0,0,6,1,0,1,1,0,1,1,1,2,7,0,0,3,5,2,0,505,1
44.5,31,0,2,14,1,0,0,1,1,2,1,1,0,6,0,1,5,3,2,0,909,1
80.82,20,0,1,9,1,0,0,1,0,2,1,1,2,5,0,0,3,3,2,0,1444,1
64.01,16,1,0,7,1,0,0,1,0,2,1,1,2,4,1,2,2,2,2,0,1929,1
37.53,28,14,2,17,0,1,1,1,1,2,1,1,2,3,2,0,0,3,2,0,2970,1
81.11,25,0,0,13,1,0,0,1,0,1,1,1,2,6,0,2,2,6,2,1,1196,1
61.97,40,0,2,3,0,1,1,0,0,2,1,3,0,7,0,2,0,3,2,0,7027,0
54.27,18,0,0,3,1,0,0,1,0,2,1,1,2,6,0,0,2,3,2,1,7180,0
57.98,15,4,0,16,1,0,1,1,0,2,1,1,1,4,1,2,2,6,2,0,7110,0
65.58,20,0,0,7,0,1,1,1,0,2,6,1,2,7,0,0,1,3,2,2,3347,1
68.82,20,0,1,26,1,0,1,1,0,2,1,1,1,5,0,1,3,3,2,0,4088,0
61.0,20,0,0,20,1,0,0,1,0,1,1,1,2,6,0,2,2,6,2,1,3584,1
72.48,30,0,0,11,1,0,0,1,0,2,1,1,2,7,0,0,3,1,2,0,2034,1
58.78,25,0,0,15,1,0,0,1,0,2,1,1,0,6,0,2,2,6,2,0,1041,1
63.27,20,2,3,4,1,0,1,1,0,1,1,1,0,4,1,2,3,3,2,0,6628,1
75.26,40,3,0,4,1,0,0,1,0,1,1,1,1,4,1,0,2,6,2,1,2610,1
59.23,18,0,1,5,1,0,0,1,0,2,1,1,2,7,0,2,2,3,2,0,2432,1
64.11,15,0,1,17,0,1,1,1,0,2,3,1,2,6,0,1,0,3,2,0,7099,0
60.66,17,0,1,13,1,0,1,1,0,2,6,1,1,6,0,2,2,3,2,0,7049,0
73.6,50,4,0,8,1,0,1,1,0,2,1,1,2,5,1,0,3,5,2,0,7441,0
53.03,35,3,0,8,1,0,1,1,0,2,1,1,2,5,1,2,2,2,2,1,1299,1
81.98,20,1,0,2,1,0,1,1,0,2,1,1,2,4,1,2,2,3,2,0,1453,1
71.17,45,4,0,9,1,0,0,0,0,1,1,3,0,5,1,0,3,4,2,3,2223,1
49.76,10,0,0,10,1,0,1,1,0,2,1,1,2,6,0,2,2,6,2,1,2559,1
76.06,20,0,0,7,1,0,1,1,0,2,1,1,2,7,0,0,0,9,2,2,3971,0
61.12,50,2,2,9,1,0,1,1,0,1,6,1,2,4,1,1,5,3,2,0,5949,0
59.18,20,1,0,14,1,0,0,1,0,2,6,1,2,4,1,0,2,2,2,1,639,1
47.62,25,0,0,16,1,0,0,1,0,2,1,1,2,7,0,0,2,7,2,1,5120,1
52.13,35,0,0,13,1,0,1,1,0,2,1,1,2,4,0,0,3,8,2,0,3826,0
67.79,49,0,0,16,1,0,1,1,0,2,1,1,0,6,0,2,2,3,2,1,3808,0
63.58,27,0,2,11,1,0,0,1,0,1,1,1,2,6,0,1,2,3,2,0,1920,1
75.48,15,0,0,12,1,0,0,1,0,2,1,1,2,7,0,0,2,2,2,1,6393,1
59.85,27,0,2,11,0,1,1,1,0,2,1,1,2,7,0,2,0,3,2,0,1670,1
63.03,18,0,0,13,1,0,1,1,0,2,2,1,2,6,0,2,2,2,2,1,6636,0
49.02,20,0,0,7,1,0,0,1,0,1,1,1,2,7,0,2,2,7,2,1,6837,1
77.12,19,0,0,12,1,0,0,1,0,2,1,1,2,4,0,2,2,2,2,1,4403,0
56.07,99,11,3,12,0,1,1,0,0,2,1,3,0,3,2,1,0,3,2,0,1730,0
46.59,50,0,0,15,0,0,1,1,1,2,1,1,2,6,0,0,5,8,2,0,944,1
64.68,1,11,2,27,0,1,1,1,0,2,1,1,2,2,2,0,0,3,2,0,6860,0
67.8,45,1,0,15,0,1,1,1,0,2,1,1,2,0,2,0,0,7,2,2,2510,1
44.27,99,0,0,5,1,0,0,1,1,0,6,1,2,5,0,2,5,3,2,1,1057,1
67.27,22,4,0,11,1,0,0,1,0,1,1,1,2,4,1,0,2,7,2,1,5950,1
66.39,60,4,0,12,1,0,1,1,0,0,6,1,2,5,1,2,2,7,2,1,2447,1
64.02,25,0,2,15,1,0,0,1,0,2,1,1,2,6,0,0,2,3,2,0,712,1
64.76,15,0,0,13,1,0,1,1,0,2,1,1,0,7,0,2,3,0,2,0,2583,0
60.44,20,0,0,7,0,1,1,0,0,2,1,3,0,7,0,0,1,3,2,3,6359,0
65.83,26,1,2,1,1,0,0,0,0,2,1,3,0,4,1,2,1,3,2,0,4382,0
75.41,25,1,0,8,1,0,1,0,0,2,1,3,0,5,1,2,2,4,2,3,2963,1
51.29,68,0,0,6,1,0,0,1,1,2,1,1,2,6,0,0,2,7,2,1,840,1
26.72,45,3,0,20,0,1,1,1,1,2,1,1,2,3,2,0,0,9,2,2,3939,1
43.19,10,0,1,25,1,0,0,1,1,2,1,1,2,5,3,0,2,3,0,0,4496,0
54.18,40,0,0,4,1,0,0,1,0,1,1,1,2,6,0,2,2,7,2,1,592,1
52.29,46,1,0,9,1,0,1,1,0,2,1,1,1,4,1,2,3,0,2,0,6974,0
42.27,20,0,1,9,1,0,0,1,1,1,5,1,2,6,0,1,5,3,2,0,3666,0
56.08,15,0,0,20,1,0,0,1,0,1,1,1,2,7,0,0,2,2,2,1,5282,0
53.02,20,1,0,6,1,0,1,1,0,1,6,1,2,4,1,0,3,7,2,1,4850,1
76.42,35,5,2,19,1,0,0,1,0,2,1,1,2,4,1,2,2,3,2,0,1695,1
52.61,15,0,0,6,1,0,1,1,0,1,6,1,2,6,0,2,5,3,2,1,2494,1
64.21,16,2,2,7,1,0,0,1,0,2,1,1,2,5,1,0,3,3,2,0,6905,0
50.08,37,1,0,10,0,1,1,0,0,2,1,3,0,3,2,2,1,4,2,3,4590,1
70.57,22,0,0,10,1,0,0,1,0,2,1,1,2,6,0,2,2,7,2,0,1280,1
73.21,25,1,2,3,1,0,0,1,0,1,1,1,2,4,1,1,3,3,2,0,1544,1
63.7,60,1,0,16,1,0,1,1,0,1,1,1,2,4,1,0,2,5,2,1,1132,1
38.93,10,3,0,10,0,1,1,1,1,2,1,1,2,0,2,0,0,9,2,2,3758,1
45.77,10,0,0,3,0,1,1,1,1,2,1,1,2,7,0,2,0,9,2,2,822,1
67.82,15,0,0,14,1,0,0,1,0,1,5,1,2,7,0,0,2,6,2,1,6358,0
44.07,30,1,0,5,0,1,1,0,1,2,1,1,0,3,2,2,1,4,2,3,6828,0
57.95,50,0,0,20,1,0,0,1,0,2,6,1,2,5,0,2,2,2,2,1,3063,0
74.86,40,1,0,6,1,0,0,1,0,2,1,1,1,4,1,0,3,8,2,0,6660,0
65.86,35,0,2,5,0,1,1,1,0,2,1,1,2,7,0,0,0,3,2,0,1414,1
70.22,13,0,0,6,0,1,1,0,0,2,1,3,0,6,0,0,1,9,2,2,651,1
47.86,30,0,0,18,1,0,0,1,1,1,1,1,2,7,0,2,2,7,2,1,4562,1
78.62,25,0,0,1,1,0,0,1,0,1,4,1,2,6,0,2,2,3,2,1,6950,0
53.39,13,2,0,21,1,0,0,1,1,1,1,1,2,5,1,2,2,2,2,1,6184,1
63.35,20,0,0,7,1,0,1,1,0,2,1,1,2,4,0,2,5,0,2,1,3047,0
75.46,28,0,0,7,1,0,0,1,0,1,1,1,1,7,0,0,2,7,2,1,4372,1
68.85,30,0,0,10,1,0,0,1,0,1,1,1,0,6,0,2,2,5,2,0,3650,1
43.73,28,0,0,4,1,0,1,1,1,1,1,1,0,6,0,2,2,6,2,0,2432,1
83.49,20,0,0,8,1,0,1,1,0,0,1,1,2,6,0,2,3,3,2,0,2090,1
49.92,20,2,2,14,0,1,1,1,1,2,1,1,2,3,2,1,0,3,2,0,5215,1
72.49,50,0,2,4,0,1,1,1,0,2,1,1,2,7,0,0,0,3,2,0,1219,1
89.0,35,3,2,12,1,0,0,1,0,2,1,1,2,4,1,0,2,3,2,0,2501,1
53.18,25,0,0,11,1,0,1,0,0,1,1,1,0,6,0,0,3,4,2,3,1365,1
81.06,20,0,0,9,1,0,1,1,0,1,6,1,0,5,0,0,2,1,2,0,3848,0
44.51,25,0,2,12,1,0,0,1,1,1,1,1,2,7,0,0,5,3,2,0,2981,1
61.3,25,0,0,13,1,0,0,1,0,2,1,1,0,6,0,2,2,5,2,0,6567,0
65.83,35,4,0,8,1,0,0,1,0,2,1,1,2,5,1,2,2,7,2,0,3328,1
71.67,40,0,2,7,1,0,1,1,0,1,6,1,2,6,0,2,3,3,2,0,3911,1
45.39,35,0,0,12,1,0,0,1,0,2,1,1,2,4,0,2,2,6,2,0,1317,1
49.77,10,1,0,18,1,0,0,1,0,1,1,1,2,4,1,2,2,2,2,1,3894,1
43.19,10,0,1,25,1,0,0,1,1,2,1,1,2,5,3,0,2,3,0,0,6053,1
39.92,50,0,0,11,1,0,0,1,1,1,1,1,2,6,0,2,5,3,2,1,5958,0
75.74,57,1,0,11,1,0,1,1,0,1,1,1,2,5,1,0,3,2,2,1,2204,1
76.88,10,0,0,8,1,0,0,1,0,1,1,1,2,6,0,2,2,3,2,1,2287,1
64.15,1,0,1,17,1,1,1,0,0,1,1,1,0,6,0,0,1,3,2,0,2749,1
65.93,10,0,0,6,1,0,0,1,0,1,1,1,2,6,0,2,2,7,2,1,2577,0
78.54,22,0,0,4,1,0,1,1,0,1,1,1,2,4,0,0,2,2,2,1,5698,0
78.87,80,2,3,2,1,0,1,1,0,2,6,1,2,5,1,0,3,3,2,0,1371,1
83.27,10,1,2,9,1,0,1,1,0,2,1,1,2,5,1,2,3,3,2,0,1275,1
45.44,11,0,0,6,1,0,0,1,1,0,1,1,2,7,0,2,2,2,2,1,5288,1
49.61,25,2,0,12,1,0,1,1,1,2,1,1,1,5,1,0,3,0,2,0,4252,1
74.39,99,0,3,1,1,0,1,1,0,1,1,1,0,5,0,0,3,3,2,0,1085,1
54.35,30,0,2,7,1,0,0,1,0,2,1,1,2,4,0,2,2,3,2,0,6023,1
86.75,20,19,2,24,1,0,0,1,0,2,6,1,2,4,1,2,2,3,2,0,3509,0
63.07,25,0,2,4,1,0,0,0,0,1,1,3,0,5,0,1,3,3,2,0,764,1
81.52,30,0,0,4,1,0,1,1,0,2,1,1,2,4,0,2,2,7,2,0,3049,1
73.95,25,1,0,8,1,0,0,1,0,1,1,1,2,4,1,2,2,1,2,0,1360,1
62.35,16,0,1,6,1,0,0,1,0,2,2,1,2,6,0,2,2,3,2,0,2708,1
74.8,30,2,0,7,1,0,0,1,0,2,1,1,2,4,1,0,2,6,2,1,7351,0
74.56,15,0,0,12,1,0,1,0,0,2,1,3,0,6,0,0,2,4,2,3,1244,1
74.29,17,0,1,6,1,1,1,1,0,1,1,1,2,7,0,1,5,3,2,0,3880,1
44.95,10,0,1,13,1,0,0,1,1,1,6,1,2,7,0,1,2,3,2,0,4734,1
64.32,23,0,0,13,1,0,0,1,0,2,1,1,2,5,0,0,3,0,2,0,6239,0
50.7,35,0,2,15,0,1,1,1,0,2,1,1,2,6,0,1,0,3,2,0,5619,0
43.86,20,0,0,19,1,0,0,1,1,0,1,3,0,6,0,0,2,3,2,3,6315,0
47.03,25,0,0,9,1,0,0,1,1,1,1,1,2,6,0,2,2,2,2,1,6404,0
67.12,30,2,0,20,1,0,0,1,0,1,1,1,2,4,1,0,2,7,2,1,6261,0
57.33,25,0,2,10,1,0,0,1,0,0,1,1,2,7,0,1,2,3,2,0,879,1
74.53,40,0,0,9,0,1,1,0,0,1,1,3,0,6,0,0,5,4,2,3,6118,0
58.69,20,1,0,12,1,0,0,1,0,1,1,1,2,4,1,2,2,2,2,1,1194,1
64.47,30,14,3,21,1,0,0,1,0,1,1,1,2,5,1,2,3,3,2,0,4713,0
42.45,28,0,2,10,1,0,1,1,1,1,1,1,2,7,0,1,0,3,2,0,3530,1
79.35,25,0,0,6,1,0,1,0,0,1,1,3,0,6,0,2,2,4,2,3,4518,1
49.34,18,0,1,6,1,1,1,0,1,2,1,3,0,7,0,0,1,3,2,0,674,1
69.68,27,0,2,5,1,1,1,1,0,2,2,1,2,6,0,0,0,3,2,0,2399,1
76.71,7,0,1,6,1,0,0,1,0,0,1,1,2,6,0,1,2,3,2,0,6329,0
57.93,20,0,1,14,1,0,0,1,0,1,1,1,2,7,0,2,2,3,2,0,6083,0
43.42,45,1,0,9,0,1,1,0,0,2,1,1,0,0,2,2,1,4,2,3,6048,0
52.09,33,3,0,8,1,0,1,1,0,2,1,3,0,4,1,2,5,3,2,1,1445,1
63.95,16,0,0,14,0,1,1,1,0,2,1,1,2,7,0,0,0,3,2,2,1062,1
33.04,20,3,2,4,0,1,1,1,1,2,1,1,2,0,2,1,0,3,2,0,6015,0
43.19,10,0,1,25,1,0,0,1,1,2,1,1,2,5,3,0,2,3,0,0,5301,0
41.53,30,0,2,5,0,1,1,0,1,2,1,3,0,6,0,1,0,3,2,0,6269,0
40.04,1,0,1,11,1,0,0,1,1,0,5,1,2,6,0,1,5,3,2,0,1946,1
63.63,10,0,0,6,1,0,0,1,0,1,1,1,2,7,0,2,2,6,2,1,5923,0
40.25,20,0,0,6,1,0,0,1,1,1,1,1,2,7,0,0,2,2,2,1,3537,1
43.19,10,0,1,25,1,0,0,1,1,2,1,1,2,5,3,0,2,3,0,0,5678,0
73.03,26,2,0,5,1,0,0,1,0,0,1,1,2,4,1,2,2,8,2,0,6185,0
43.19,10,0,1,25,1,0,0,1,1,2,1,1,2,5,3,0,2,3,0,0,5933,0
43.51,15,2,0,5,0,1,1,1,1,2,1,1,2,3,2,0,0,9,2,2,1437,1
78.19,28,3,0,20,1,0,0,1,0,1,1,1,2,5,1,0,3,7,2,0,943,1
76.54,25,1,2,14,1,0,0,1,0,1,1,1,2,4,1,2,3,3,2,0,1500,1
75.2,22,1,2,10,1,1,1,1,0,2,1,1,0,4,1,2,1,3,2,0,3083,1
43.19,10,0,1,25,1,0,0,1,1,2,1,1,2,5,3,0,2,3,0,0,6208,0
43.19,10,0,1,25,1,0,0,1,1,2,1,1,2,5,3,0,2,3,0,0,1200,1
58.39,30,0,2,12,0,1,1,1,0,2,1,1,2,4,0,0,0,3,2,0,1753,0
50.78,30,0,0,10,1,0,1,1,1,1,1,1,2,6,0,0,2,3,2,0,911,1
74.85,28,4,0,8,1,0,0,1,0,1,1,1,2,5,1,0,3,6,2,0,5981,0
36.35,23,3,0,24,0,1,1,0,1,2,1,1,0,1,2,2,1,4,2,3,2107,0
41.09,20,0,0,15,1,0,0,1,1,2,1,1,2,6,0,0,3,5,2,0,5826,0
33.92,25,1,0,5,0,1,1,1,0,1,1,1,2,3,2,0,0,9,2,2,2317,1
57.32,20,0,0,15,1,0,0,1,0,1,1,1,2,7,0,2,2,3,2,1,2118,1
60.31,27,0,2,14,0,1,1,1,0,2,3,1,0,7,0,1,0,3,2,0,1759,1
77.77,18,0,0,11,1,0,0,1,0,1,1,1,2,7,0,0,3,1,2,0,3724,1
43.19,10,0,1,25,1,0,0,1,1,2,1,1,2,5,3,0,2,3,0,0,5159,0
69.75,22,0,2,17,1,0,1,1,0,2,1,1,2,6,0,2,3,3,2,0,604,1
69.99,30,4,0,24,1,0,0,1,0,2,1,1,2,5,1,2,2,2,2,1,5806,0
67.15,21,0,0,8,0,1,1,0,0,2,1,3,0,7,0,2,1,3,2,3,4518,1
69.31,60,4,0,9,1,0,1,1,0,2,1,1,2,5,1,0,3,0,2,0,5532,0
70.38,20,0,1,8,1,0,1,1,0,1,1,1,2,7,0,0,3,3,2,0,2079,1
76.93,13,0,0,3,1,0,0,1,0,0,1,1,2,4,0,2,2,2,2,1,5930,1
56.94,25,0,0,19,1,0,0,1,0,1,1,1,2,7,0,2,2,7,2,1,3527,1
72.44,14,2,0,12,1,0,0,1,0,1,1,1,2,5,1,2,2,7,2,1,6080,0
69.93,30,0,0,10,1,0,0,1,0,1,1,1,2,4,0,2,2,3,2,0,4743,0
55.83,50,4,0,7,1,0,0,1,0,0,6,1,2,4,1,0,3,2,2,1,1494,0
61.16,15,1,0,6,1,0,0,1,0,1,1,1,2,5,1,2,2,2,2,1,1479,1
56.03,25,4,0,8,1,0,0,1,0,1,6,1,2,5,1,0,2,3,2,1,3921,1
76.81,25,0,0,20,1,0,0,1,0,1,1,1,2,7,0,0,2,6,2,0,2361,0
77.45,30,0,0,10,1,0,0,1,0,1,1,1,2,6,0,0,3,7,2,0,5943,1
65.16,18,0,1,9,0,1,1,1,0,2,1,1,2,7,0,2,0,3,2,0,2664,1
72.54,22,4,0,8,1,0,0,1,0,2,1,1,2,5,1,2,2,7,2,1,5283,1
58.89,20,0,1,14,1,0,1,1,0,2,6,1,2,4,0,1,5,3,2,0,6077,0
69.67,30,4,0,13,1,0,0,1,0,2,1,1,2,4,1,0,2,2,2,1,5953,0
62.99,17,4,0,7,1,1,1,1,0,2,1,1,0,5,1,2,1,3,2,2,5423,1
41.0,50,0,0,8,1,0,1,1,1,1,1,1,2,7,0,0,2,8,2,0,575,1
76.37,20,0,1,10,0,0,1,1,0,1,6,1,2,6,0,1,2,3,2,0,2394,1
77.13,40,1,0,8,1,0,1,1,0,2,1,1,0,4,1,0,3,5,2,0,5603,0
66.47,33,0,0,10,0,1,1,1,0,1,6,1,2,6,0,0,2,2,2,1,3806,0
33.55,50,4,0,12,0,1,1,1,1,2,1,1,2,3,2,0,1,3,2,2,4961,0
77.54,22,0,0,12,1,0,0,1,0,1,1,1,2,7,0,0,3,7,2,0,2257,1
69.65,18,1,2,17,1,0,0,1,0,0,1,1,2,4,1,1,2,3,2,0,5224,1
75.27,32,4,0,13,1,0,1,1,0,2,6,1,2,4,1,0,3,7,2,0,2993,1
44.84,30,0,0,7,1,0,0,1,1,1,1,1,2,7,0,2,2,6,2,1,1967,1
71.61,21,1,0,6,1,0,1,1,0,1,1,1,2,4,1,0,2,3,2,0,5638,0
42.84,37,2,0,11,0,0,1,1,1,2,1,1,2,3,2,0,1,3,2,1,2454,1
65.76,60,2,3,23,0,1,1,1,0,2,1,1,2,3,2,0,1,3,2,0,5782,0
67.68,23,0,0,10,1,0,0,1,0,1,1,1,2,7,0,0,2,2,2,1,5762,0
68.56,20,1,0,10,1,0,0,1,0,1,1,1,2,5,1,0,2,2,2,1,2415,1
69.93,20,1,0,6,1,0,0,1,0,2,1,1,2,5,1,2,3,5,2,0,5637,0
44.36,22,0,0,13,1,0,0,1,1,2,1,1,2,7,0,0,2,7,2,1,5688,0
65.86,14,4,0,11,1,0,1,1,0,2,1,1,2,5,1,2,1,3,2,0,5221,0
72.12,30,3,0,12,1,0,0,1,0,1,1,1,2,4,1,0,2,7,2,0,4348,0
43.19,10,0,1,25,1,0,0,1,1,2,1,1,2,5,3,0,2,3,0,0,3258,1
62.68,17,4,0,11,1,0,0,1,0,2,1,1,1,5,1,2,2,7,2,1,1134,1
70.71,31,2,0,11,1,0,1,0,0,2,1,3,0,4,1,2,1,4,2,3,2545,1
46.95,25,0,0,14,1,0,0,1,1,2,1,1,2,7,0,2,2,2,2,1,3558,1
63.92,43,0,0,7,1,0,1,1,0,0,4,1,2,7,0,2,3,0,2,0,5696,0
56.47,55,0,0,17,1,0,0,1,0,2,6,1,2,6,0,0,2,2,2,0,1582,1
67.7,55,1,3,3,1,0,1,0,0,2,1,3,0,5,1,0,3,3,2,0,3176,0
72.73,40,0,0,12,1,0,1,1,0,2,1,1,2,4,0,0,3,5,2,0,1864,1
45.4,20,0,0,10,1,1,1,1,1,2,1,1,2,7,0,2,1,1,2,2,2375,1
70.42,40,4,0,14,1,0,0,1,0,2,1,1,2,5,1,2,2,7,2,1,3674,0
55.56,17,0,0,9,1,0,1,1,0,1,1,1,2,7,0,0,3,3,2,0,3851,1
70.11,25,0,0,11,1,0,0,1,0,2,1,1,2,7,0,0,2,3,2,0,4183,0
44.12,16,0,0,8,1,0,0,1,1,1,1,1,2,7,0,2,2,6,2,0,5049,1
61.76,17,0,0,7,1,0,0,1,0,1,1,1,2,6,0,2,3,7,2,0,2591,1
55.04,15,0,0,11,1,0,0,1,0,1,1,1,2,5,0,2,2,2,2,1,5920,0
76.66,35,2,0,14,1,1,1,1,0,2,1,3,0,4,1,2,1,3,2,2,5530,0
68.21,21,0,0,12,1,0,0,1,0,1,1,1,2,6,0,2,2,2,2,1,1037,1
52.57,1,0,1,9,0,1,1,0,0,2,1,3,0,6,0,1,0,3,2,0,4518,1
39.25,15,0,1,11,0,1,1,1,1,2,1,1,2,6,0,0,0,3,2,0,5631,0
61.04,15,4,0,19,0,1,1,1,0,2,1,1,2,2,2,0,5,6,2,2,1690,1
53.69,17,0,0,12,1,0,0,1,1,1,1,1,2,6,0,0,2,7,2,1,5362,1
75.01,25,1,0,6,1,0,1,1,0,1,1,1,2,5,1,0,3,7,2,0,21,0
71.05,25,2,0,10,1,0,0,1,0,1,1,1,2,5,1,0,3,6,2,0,4503,1
75.55,20,1,0,7,1,0,1,0,0,2,1,3,0,5,1,0,3,0,2,3,1183,0
41.54,20,1,2,17,0,1,1,0,1,2,1,3,0,3,2,0,1,3,2,0,5048,0
63.4,20,0,0,8,1,0,0,1,0,1,1,1,1,6,0,0,2,3,2,1,5715,0
68.66,16,0,0,15,0,1,1,1,0,2,1,1,2,6,0,2,0,3,2,2,2745,0
53.58,25,1,0,12,1,0,0,1,0,1,1,1,2,5,1,2,2,2,2,1,5544,0
71.19,15,0,0,17,1,0,0,1,0,1,1,1,2,5,0,0,2,3,2,1,2841,0
47.38,30,2,0,14,0,1,1,1,1,2,1,1,1,0,2,0,0,9,2,2,5475,0
52.23,30,1,0,17,0,1,1,1,0,2,1,1,2,0,2,0,1,3,2,2,5731,0
67.87,50,0,2,0,1,0,0,1,0,2,3,1,2,4,1,2,2,3,2,0,1507,1
70.59,25,0,0,13,1,0,1,1,0,2,6,1,2,5,0,0,2,2,2,0,2245,0
28.05,35,1,0,1,0,1,1,1,1,2,1,1,2,3,2,0,0,9,2,2,5908,0
56.33,24,1,0,14,1,0,1,0,0,1,1,3,0,5,1,2,3,4,2,3,806,1
66.38,15,0,1,11,1,0,0,1,0,1,1,1,2,7,0,1,2,3,2,0,2613,1
49.0,20,0,0,4,1,0,1,1,0,1,1,1,2,6,0,2,2,7,2,1,5736,0
65.41,10,0,1,9,1,0,0,1,0,2,1,1,2,6,0,2,2,3,2,0,5936,0
72.38,30,0,0,18,1,0,1,1,0,1,1,1,2,4,0,2,2,7,2,1,2527,1
76.37,20,1,2,27,1,0,0,1,0,2,1,1,2,4,1,1,2,3,2,0,3696,0
69.95,30,0,0,4,1,0,1,1,0,1,1,1,2,4,0,0,1,0,2,0,5237,1
56.33,22,0,0,5,1,0,0,1,1,1,1,1,2,4,0,0,3,0,2,0,4273,1
61.92,18,0,1,15,1,0,0,1,0,2,1,1,2,6,0,2,2,3,2,0,1848,0
32.74,20,4,0,18,0,1,1,1,1,2,1,1,2,2,2,2,0,9,2,2,5592,1
67.86,50,4,0,14,1,0,0,1,0,1,1,1,2,5,1,0,3,5,2,0,597,1
69.93,20,20,2,20,0,1,1,1,0,2,1,1,2,2,2,0,0,3,2,0,1030,1
73.81,15,0,0,14,1,0,1,1,0,1,1,1,2,6,0,2,2,7,2,1,861,1
63.24,11,0,1,9,1,0,0,1,0,1,1,1,2,7,0,1,2,3,2,0,3675,1
59.5,15,2,0,2,1,0,1,1,0,1,1,1,2,5,1,0,2,5,2,0,5865,0
61.06,41,0,0,15,1,0,0,1,0,2,6,1,0,5,0,0,3,0,2,0,5354,0
64.94,15,0,0,15,1,1,1,1,0,1,1,1,2,5,0,0,2,3,2,1,2479,1
59.12,25,0,2,9,1,0,1,1,0,2,6,1,2,4,0,2,5,3,2,0,3752,1
43.8,17,0,1,6,1,0,1,1,1,1,1,1,2,5,0,2,5,3,2,0,657,1
57.87,40,0,0,9,1,1,1,0,0,2,1,1,0,4,0,2,0,4,2,3,5269,0
40.57,30,1,0,5,0,1,1,1,1,2,1,1,2,3,2,0,0,9,2,2,461,1
74.71,18,4,0,18,1,0,0,1,0,1,1,1,0,5,1,0,3,1,2,0,2322,0
51.09,30,0,0,12,1,0,0,1,0,1,1,1,2,5,0,2,2,7,2,0,2153,1
72.14,12,0,0,17,1,0,0,1,0,1,1,1,2,5,0,2,2,2,2,1,5758,0
75.33,20,0,0,6,1,0,1,1,0,1,1,1,2,6,0,2,2,6,2,1,5615,0
47.24,30,1,0,8,0,1,1,0,1,2,1,1,0,3,2,0,1,4,2,3,1793,0
72.02,18,0,0,16,1,0,0,1,0,2,6,1,2,4,0,0,3,7,2,0,834,1
69.72,20,1,0,7,1,0,1,1,0,1,1,1,1,4,1,0,2,6,2,1,3447,1
83.96,26,0,0,4,1,0,0,1,0,1,1,1,2,4,0,0,3,5,2,0,2709,1
63.48,10,1,0,1,0,1,1,1,0,2,1,1,2,3,2,2,0,9,2,2,3726,1
74.98,30,0,2,14,1,0,0,1,0,2,1,1,2,7,0,1,3,3,2,0,819,1
58.61,15,0,1,8,1,0,0,1,0,2,1,1,1,7,0,1,2,3,2,0,3615,0
64.08,3,1,0,8,1,0,0,1,0,1,1,1,2,4,1,2,2,7,2,1,5718,0
46.58,10,0,1,17,1,0,0,1,1,1,1,1,2,7,0,2,2,3,2,0,5910,0
38.59,35,0,2,18,0,1,1,1,1,2,1,1,2,7,0,2,0,3,2,0,5469,0
63.22,20,0,0,11,1,0,0,1,0,2,6,1,2,4,0,2,2,3,2,1,1118,1
36.04,25,3,0,8,0,1,1,1,1,2,1,1,0,3,2,0,0,9,2,2,5362,0
69.16,29,4,0,14,1,0,1,1,0,2,1,1,1,5,1,0,3,0,2,0,1298,0
77.31,50,4,0,19,1,0,0,1,0,1,1,1,0,5,1,2,3,0,2,0,2699,1
78.8,20,0,0,5,1,0,0,1,0,1,1,1,2,7,0,2,2,3,2,1,4042,1
57.14,17,0,0,7,1,0,0,1,0,1,1,3,0,5,0,0,3,8,2,0,3838,1
61.55,25,0,0,8,1,1,1,1,0,2,1,1,2,5,0,2,5,8,2,2,2502,0
54.61,25,0,0,9,1,0,1,0,0,2,1,3,0,4,0,0,2,4,2,3,4777,1
76.72,20,0,1,12,1,1,1,1,0,2,1,1,2,7,0,1,1,3,2,0,608,0
69.29,1,0,1,16,1,0,0,1,0,1,1,1,2,6,0,1,5,3,2,0,5820,0
76.19,17,1,0,18,1,0,0,1,0,1,1,1,2,4,1,0,2,6,2,0,3325,1
31.87,1,0,1,8,0,1,1,0,1,2,1,1,0,6,0,1,5,3,2,0,3478,1
51.08,30,3,2,5,0,1,1,1,0,2,6,1,2,2,2,2,5,3,2,0,5125,0
70.68,12,4,0,9,1,0,0,1,0,2,1,1,2,5,1,2,5,3,2,2,5529,0
66.53,20,0,0,13,1,0,0,1,0,1,1,1,0,5,0,0,2,6,2,1,547,1
68.52,25,0,0,13,1,0,0,1,0,1,1,1,2,5,0,0,3,7,2,0,5812,0
44.41,12,0,0,14,1,0,0,1,1,1,1,1,2,7,0,0,5,3,2,1,2632,1
53.38,15,0,1,12,1,1,1,1,0,1,6,1,2,6,0,1,0,3,2,0,5260,0
69.04,18,0,0,10,1,0,1,1,0,2,1,1,2,5,0,0,2,2,2,1,4930,0
48.76,13,0,1,8,1,0,0,0,1,2,1,3,0,7,0,1,5,3,2,0,5553,0
43.19,10,0,1,25,1,0,0,1,1,2,1,1,2,5,3,0,2,3,0,0,2415,0
60.46,30,0,2,14,1,0,0,1,0,2,6,1,2,4,0,2,3,3,2,0,2422,1
62.84,25,0,0,12,1,0,0,1,0,2,1,1,2,6,0,2,3,2,2,0,5637,0
46.79,11,0,1,7,1,0,0,1,1,1,1,1,2,7,0,1,5,3,2,0,1559,1
49.57,40,4,0,10,0,1,1,0,0,2,1,1,0,2,2,2,1,4,2,3,5550,1
69.05,50,0,2,13,0,1,1,1,0,2,1,1,2,4,0,0,0,3,2,0,5528,0
53.96,15,0,0,9,1,0,1,1,0,1,1,1,2,7,0,0,2,3,2,0,664,1
65.26,20,0,1,2,1,0,1,1,0,2,1,1,2,4,0,1,5,3,2,0,3379,1
68.6,15,0,0,11,1,0,1,1,0,2,1,1,2,4,0,2,2,2,2,1,5530,0
78.04,30,0,0,14,1,0,0,1,0,2,1,1,2,5,0,2,2,2,2,1,5503,0
74.34,15,0,0,15,1,0,0,1,0,1,1,1,2,5,0,2,2,7,2,1,4028,1
79.76,20,0,0,14,1,0,0,1,0,1,6,1,2,6,0,2,2,3,2,1,3556,1
61.88,35,0,0,13,1,0,0,1,0,2,1,1,2,4,0,2,2,3,2,1,2680,1
42.84,10,0,1,12,1,0,0,0,1,2,1,3,0,7,0,1,2,3,2,0,2324,1
65.44,25,1,0,8,1,0,1,1,0,2,1,1,2,4,1,0,0,9,2,2,5438,0
43.19,10,0,1,25,1,0,0,1,1,2,1,1,2,5,3,0,2,3,0,0,582,1
53.07,15,0,1,6,0,1,1,0,0,2,1,3,0,7,0,1,0,3,2,0,3359,1
54.75,20,0,1,8,1,0,0,1,0,2,1,1,2,4,0,2,2,3,2,0,1447,0
88.8,30,1,0,19,1,0,0,1,0,0,9,1,2,4,1,2,2,6,2,0,4265,1
72.16,15,0,0,11,1,0,0,0,0,2,1,3,0,5,0,2,2,4,2,3,1628,1
52.98,15,0,0,12,1,0,1,1,0,1,1,1,2,6,0,0,2,6,2,0,5617,0
62.11,25,3,0,12,1,0,1,1,0,1,1,1,2,4,1,0,2,8,2,0,2821,1
65.35,15,0,1,24,0,1,1,0,0,2,1,3,0,4,0,1,0,3,2,0,5706,0
70.23,15,0,0,18,1,0,1,1,0,2,1,1,0,5,0,2,3,0,2,0,5414,0
73.17,20,0,0,5,1,0,0,1,0,1,1,1,2,5,0,2,2,7,2,1,1569,1
76.91,24,3,2,17,1,0,0,1,0,2,1,1,2,4,1,2,2,3,2,0,2909,1
43.19,10,0,1,25,1,0,0,1,1,2,1,1,2,5,3,0,2,3,0,0,5391,0
67.45,15,0,0,15,1,0,1,1,0,1,4,1,2,6,0,2,2,1,2,1,5559,0
52.43,27,0,2,9,0,1,1,1,0,2,1,1,2,6,0,2,0,3,2,0,5453,0
79.17,60,0,0,6,0,1,1,1,0,2,1,1,2,5,0,2,0,3,2,2,4557,0
68.42,30,0,0,11,1,0,0,1,0,2,1,1,2,4,0,0,3,6,2,0,1476,0
80.17,35,0,0,14,1,0,1,0,0,2,1,3,0,4,0,0,3,4,2,3,4514,0
43.19,10,0,1,25,1,0,0,1,1,2,1,1,2,5,3,0,2,3,0,0,5283,0
66.57,20,0,1,8,1,0,0,1,0,1,1,1,2,5,0,1,5,3,2,0,1302,1
74.11,28,4,0,7,1,0,1,1,0,2,1,1,2,5,1,0,3,7,2,0,3221,1
42.11,10,0,0,11,1,0,1,1,1,2,1,1,2,7,0,0,3,0,2,0,3561,1
55.77,20,0,0,9,1,0,0,1,0,1,1,1,2,4,0,2,2,3,2,1,5598,0
63.53,20,0,0,15,1,0,0,1,0,0,5,1,2,6,0,0,2,7,2,1,5354,0
76.2,15,0,0,5,0,1,1,1,0,2,1,3,0,5,0,2,1,9,2,2,3939,1
42.05,22,2,0,18,0,1,1,1,1,1,1,1,2,3,2,2,0,3,2,2,3355,1
90.23,20,1,0,10,1,0,0,1,0,2,1,1,2,4,1,0,2,6,2,1,4340,1
68.01,30,0,2,1,0,1,1,1,0,2,1,1,2,5,0,0,0,3,2,0,2982,1
75.53,15,0,0,25,1,0,1,1,0,2,1,1,1,7,0,2,3,3,2,0,1298,1
74.46,15,1,0,12,1,0,0,1,0,1,1,1,2,4,1,0,2,3,2,0,5349,0
72.56,30,0,0,7,1,0,0,1,0,2,1,3,2,5,0,2,3,6,2,0,2296,0
39.99,25,1,0,1,0,1,1,0,1,2,1,1,0,0,2,0,0,4,2,3,5422,0
48.17,15,0,0,19,1,0,0,1,0,1,4,1,2,7,0,2,2,2,2,1,1019,1
61.28,25,0,2,7,0,1,1,0,0,2,1,1,0,4,0,2,1,3,2,0,5275,0
74.53,14,0,0,5,0,1,1,1,0,1,1,1,2,7,0,2,0,9,2,2,497,1
79.59,30,0,0,8,1,0,0,1,0,1,1,1,2,5,0,2,3,7,2,0,5131,0
59.04,6,0,1,16,1,1,1,1,0,1,1,1,2,7,0,2,0,3,2,0,5203,0
63.02,65,3,0,3,0,1,1,1,0,2,1,1,2,2,2,0,0,9,2,2,5488,0
46.03,20,2,0,8,0,0,1,0,1,2,1,1,0,3,2,2,5,4,2,3,5000,0
69.5,15,0,1,14,1,0,0,1,0,1,1,1,2,6,0,0,3,3,2,0,1324,1
56.92,12,0,0,13,1,0,0,1,0,1,1,1,2,7,0,0,2,6,2,1,5157,0
62.79,55,2,0,11,1,0,1,1,0,0,1,1,0,4,1,0,3,0,2,0,3115,1
69.2,40,0,0,21,1,0,0,1,0,2,1,1,2,4,0,0,3,5,2,0,1153,1
76.77,20,1,2,7,1,0,0,1,0,2,1,1,2,4,1,2,2,3,2,0,3724,0
69.59,30,0,0,6,1,0,0,1,0,1,6,1,2,4,0,2,2,2,2,1,3374,1
58.7,15,0,1,9,0,1,1,1,0,2,1,1,0,7,0,1,5,3,2,0,3062,1
70.31,23,3,0,5,1,0,0,1,0,1,1,1,2,5,1,2,2,7,2,0,1607,0
72.77,30,0,0,9,0,1,1,1,0,2,1,1,2,4,0,0,0,9,2,2,3242,1
41.28,35,1,0,3,0,1,1,0,1,2,1,1,0,3,2,0,1,4,2,3,3032,1
72.23,15,0,0,10,1,0,0,1,0,2,1,1,2,7,0,2,3,6,2,0,1385,1
66.12,15,0,0,11,1,0,0,1,0,1,1,1,2,7,0,0,3,3,2,0,5102,0
46.4,18,0,0,15,1,0,0,1,1,2,1,1,2,7,0,0,2,7,2,1,3494,1
52.77,15,0,0,14,1,0,0,1,1,1,1,1,2,7,0,2,2,1,2,1,5153,0
47.98,30,0,0,8,1,0,0,1,1,1,9,1,2,7,0,2,2,2,2,1,2132,1
67.1,35,1,0,22,1,0,0,1,0,2,1,1,2,4,1,0,2,7,2,0,5584,0
58.25,40,0,2,8,1,0,1,1,0,1,1,1,0,4,0,0,3,3,2,0,5596,0
40.71,20,0,0,13,1,0,1,1,1,2,3,1,2,7,0,2,0,3,2,0,5025,0
60.33,20,0,0,8,1,0,0,1,0,2,1,1,2,4,0,0,3,5,2,0,5602,0
47.92,20,0,1,11,1,0,0,1,1,2,6,1,2,6,0,2,5,3,2,0,1826,1
66.55,40,0,0,17,1,0,1,1,0,2,6,1,2,6,0,0,2,7,2,0,2999,1
55.72,15,0,0,10,0,1,1,1,0,2,1,1,2,7,0,2,2,3,2,1,2063,1
68.18,40,4,0,7,1,0,0,1,0,2,1,1,2,5,1,2,2,2,2,1,2379,0
69.46,20,0,0,5,1,0,0,1,0,1,1,1,2,7,0,2,2,2,2,1,1960,1
43.19,10,0,1,25,1,0,0,1,1,2,1,1,2,5,3,0,2,3,0,0,3720,1
65.45,26,2,0,7,1,0,0,1,0,2,1,1,2,5,1,0,2,7,2,1,3852,1
69.42,22,0,0,9,1,0,0,1,0,1,1,1,2,6,0,0,2,7,2,1,2610,1
67.25,15,0,0,3,1,0,0,1,0,1,1,1,0,5,0,0,3,8,2,0,1108,1
82.06,5,0,0,4,1,0,1,0,0,1,1,1,0,6,0,2,3,4,2,0,4606,0
70.86,30,0,0,26,1,0,0,1,0,1,1,1,2,7,0,0,2,2,2,1,1453,1
31.71,99,4,0,32,0,1,0,1,1,2,1,1,2,2,2,2,0,9,2,2,5240,0
60.51,25,0,2,22,0,1,1,1,0,1,1,1,2,7,0,1,0,3,2,0,3394,0
43.19,10,0,1,25,1,0,0,1,1,2,1,1,2,5,3,0,2,3,0,0,2268,1
49.63,23,5,2,38,0,1,1,1,1,2,1,1,2,0,2,0,0,3,2,0,414,1
53.35,40,2,0,10,0,1,1,1,0,2,1,1,2,1,2,0,0,9,2,2,2547,1
55.53,15,0,0,9,1,0,0,1,0,0,1,1,2,7,0,2,2,7,2,1,501,1
64.46,18,0,0,11,0,0,1,1,0,1,1,1,2,7,0,2,1,7,2,2,4970,0
52.81,60,0,0,6,1,0,1,1,0,0,6,1,2,5,0,0,5,2,2,0,5222,0
61.88,30,1,0,27,1,0,0,1,0,1,1,1,2,4,1,0,2,7,2,0,5085,0
58.26,15,0,0,5,1,0,1,1,0,2,1,1,0,6,0,0,2,6,2,0,4483,1
67.62,25,0,2,19,1,0,0,1,0,2,1,1,2,5,0,1,5,3,2,0,4792,0
71.4,30,0,0,14,1,0,1,1,0,1,1,1,2,4,0,0,2,2,2,1,3143,1
73.01,27,0,0,14,1,0,0,1,0,1,1,1,2,5,0,0,2,3,2,2,3524,0
50.6,60,4,0,11,0,1,1,0,0,2,1,1,0,0,2,0,1,4,2,3,1730,1
79.12,30,14,2,19,1,0,0,1,0,2,1,1,2,4,1,2,1,3,2,0,1137,1
52.13,80,4,0,16,0,1,1,0,0,2,1,1,0,2,2,0,1,3,2,3,1396,1
69.7,15,1,2,8,1,0,0,1,0,1,6,1,2,5,1,0,3,3,2,0,1291,1
60.96,18,0,0,6,1,0,1,1,0,2,1,1,0,7,0,2,3,4,2,3,1609,1
66.58,23,1,0,6,1,0,1,1,0,1,1,1,2,5,1,2,2,1,2,0,425,1
31.26,15,0,0,10,0,1,1,1,1,2,1,1,1,6,0,2,0,3,2,2,3069,1
64.01,10,0,0,18,1,0,0,1,0,1,1,1,2,6,0,2,2,2,2,1,4732,0
43.04,80,2,0,10,0,1,1,1,1,2,1,1,2,2,2,2,0,9,2,2,5049,0
79.26,48,0,2,8,1,0,1,1,0,0,6,1,2,5,0,2,5,3,2,0,5116,0
66.94,25,0,0,10,0,1,1,0,0,1,1,1,0,5,0,0,1,4,2,3,2886,1
74.57,50,1,0,1,1,0,1,1,0,1,1,1,2,4,1,0,3,0,2,0,4906,0
64.64,65,4,0,16,0,0,1,1,0,2,6,1,2,3,2,0,2,1,2,1,426,1
70.49,25,0,0,8,1,0,0,1,0,1,1,1,2,4,0,0,2,7,2,1,1372,1
54.69,23,0,0,5,1,0,1,0,0,1,1,3,0,6,0,2,2,1,2,3,3436,1
68.93,18,1,2,16,1,0,0,0,0,1,1,1,0,4,1,0,1,3,2,0,3724,1
78.44,20,0,1,7,1,0,0,1,0,2,1,1,2,5,0,0,2,3,2,0,2965,1
41.81,27,0,2,13,0,1,1,1,1,2,1,1,2,6,0,0,0,3,2,0,2562,1
43.19,10,0,1,25,1,0,0,1,1,2,1,1,2,5,3,0,2,3,0,0,757,1
71.78,15,2,2,8,1,0,1,1,0,2,1,1,2,5,1,0,4,3,2,0,1550,1
56.37,20,0,0,12,1,0,0,1,0,1,1,1,2,7,0,0,3,1,2,0,5147,0
76.87,15,4,2,8,1,0,0,1,0,0,1,1,2,5,1,2,5,3,2,0,5305,0
56.89,25,1,0,5,1,0,0,1,0,2,1,1,2,5,1,0,3,2,2,0,5192,0
41.27,15,1,0,16,0,1,1,1,1,2,1,1,2,0,2,0,0,9,2,2,5460,0
72.88,15,0,0,8,1,0,0,1,0,1,1,1,2,6,0,0,2,3,2,1,5090,0
66.7,25,1,0,9,1,0,1,1,0,2,1,1,2,5,1,0,3,3,2,2,3784,0
47.35,2,0,0,11,1,1,1,0,1,2,1,1,0,6,0,2,5,3,2,3,1609,1
72.88,57,3,0,3,1,0,1,1,0,1,2,1,2,5,1,2,2,2,2,1,5405,0
66.39,70,0,0,18,1,0,1,1,0,1,1,1,2,5,0,0,2,7,2,1,865,1
43.19,10,0,1,25,1,0,0,1,1,2,1,1,2,5,3,0,2,3,0,0,4834,1
56.89,15,0,1,11,1,0,0,1,0,2,1,1,2,5,0,2,5,3,2,0,461,1
79.29,25,2,0,22,1,0,0,1,0,1,1,1,2,4,1,0,2,6,2,1,3773,1
75.56,40,1,0,7,1,0,1,1,0,2,1,1,0,4,1,0,1,4,2,3,691,1
77.15,15,1,2,8,1,0,0,1,0,2,1,1,0,4,1,1,5,3,2,0,5059,0
66.18,25,0,0,12,1,0,0,1,0,1,1,1,2,5,0,0,2,7,2,1,3004,1
62.55,22,0,0,5,1,0,0,1,0,2,6,1,2,5,0,2,3,7,2,0,1179,1
67.13,25,1,2,14,1,0,1,1,0,2,1,1,2,5,1,1,3,3,2,0,3579,1
35.14,45,4,0,28,0,0,0,1,1,2,1,1,2,2,2,0,3,7,2,1,76,0
57.99,45,3,0,8,0,0,1,1,0,2,1,1,2,3,2,0,0,9,2,2,3060,1
44.0,50,2,0,12,0,1,1,0,1,2,1,1,0,2,2,2,1,4,2,3,368,1
69.27,30,4,0,8,1,0,0,1,0,1,1,1,2,5,1,0,2,6,2,1,5137,0
83.9,75,3,0,10,1,0,0,1,0,1,1,1,2,4,1,2,2,7,2,1,3487,1
61.05,13,0,0,8,1,0,0,1,0,1,1,1,0,4,0,0,2,0,2,0,3410,1
83.32,20,0,0,17,1,0,0,1,0,0,4,1,0,5,0,2,2,3,2,1,2135,1
65.86,20,0,1,8,1,0,0,1,0,1,1,1,0,5,0,1,3,3,2,0,4464,1
45.33,13,2,0,10,0,1,1,1,1,2,3,1,2,3,2,0,0,9,2,2,5082,0
69.8,15,0,0,5,1,0,0,1,0,1,1,1,2,7,0,0,2,6,2,1,1369,1
64.76,31,0,0,18,1,0,0,1,0,1,1,1,2,5,0,0,2,6,2,0,4408,1
37.27,13,4,0,23,0,1,1,1,1,2,1,1,2,2,2,0,0,9,2,2,3743,1
57.34,14,0,0,19,0,1,1,1,0,2,1,1,2,4,0,0,1,3,2,2,928,1
82.72,22,0,0,15,1,0,0,1,0,1,1,1,2,6,0,2,3,6,2,1,5066,0
72.18,28,1,3,10,1,1,1,0,0,1,1,1,0,5,1,2,1,3,2,0,4620,1
71.51,14,0,0,6,1,0,0,1,0,2,1,1,2,7,0,0,2,2,2,1,5040,0
61.84,14,0,0,17,1,0,1,1,0,2,1,1,2,5,0,2,3,8,2,0,4955,0
43.19,10,0,1,25,1,0,0,1,1,2,1,1,2,5,3,0,2,3,0,0,4970,0
71.01,20,4,0,14,1,0,0,1,0,1,1,1,2,5,1,0,2,3,2,1,5114,0
73.1,22,2,2,6,1,0,1,1,0,2,1,1,2,4,1,1,2,3,2,0,5386,0
75.42,12,0,0,14,1,0,0,1,0,1,1,1,2,4,0,2,2,6,2,1,3204,1
81.76,16,0,0,12,1,0,0,1,0,1,1,1,0,6,0,0,2,6,2,0,2105,0
85.94,25,4,0,17,1,0,0,1,0,1,1,1,2,4,1,0,2,7,2,1,3233,1
81.57,35,3,0,8,1,0,0,1,0,1,1,1,2,4,1,0,2,7,2,0,2872,1
64.43,25,2,0,10,1,0,1,1,0,2,1,1,2,5,1,0,3,2,2,0,2242,1
80.48,30,5,2,7,1,0,0,1,0,2,1,1,2,5,1,0,3,3,2,0,3528,0
36.03,1,0,1,10,1,0,0,1,1,2,1,1,0,7,0,1,2,3,2,0,2923,1
65.48,16,0,0,7,1,1,1,1,0,1,1,1,0,7,0,2,5,3,2,2,3011,0
51.62,22,4,0,15,0,1,1,0,0,2,1,1,0,2,2,0,1,4,2,3,3042,0
66.45,30,0,2,12,1,0,0,1,0,2,1,1,2,5,0,0,2,3,2,0,5262,0
43.19,10,0,1,25,1,0,0,1,1,2,1,1,2,5,3,0,2,3,0,0,2787,0
51.87,14,0,0,11,1,0,0,1,1,1,2,1,2,7,0,0,2,2,2,1,780,1
71.38,15,0,0,6,1,0,0,1,0,1,1,1,0,5,0,2,2,6,2,1,3850,0
43.19,10,0,1,25,1,0,0,1,1,2,1,1,2,5,3,0,2,3,0,0,4735,1
45.8,60,4,0,15,0,1,1,0,1,2,1,1,0,3,2,0,1,4,2,3,4218,1
64.15,25,1,0,10,1,0,0,0,0,2,1,1,0,4,1,0,3,4,2,3,3212,0
71.49,20,0,1,16,1,0,1,0,0,2,1,1,0,7,0,1,0,3,2,0,2260,0
68.0,20,0,0,15,0,1,1,1,0,2,1,1,2,7,0,0,0,9,2,2,3018,0
47.14,32,0,0,2,1,0,0,1,0,0,1,1,2,6,0,2,2,5,2,1,5245,0
66.42,13,0,0,10,1,0,0,1,0,1,1,1,2,6,0,2,2,1,2,1,1382,1
67.59,40,3,2,9,1,0,0,1,0,1,1,1,2,4,1,0,2,3,2,0,2506,1
53.69,25,11,2,32,0,1,0,0,0,2,1,1,0,2,2,1,0,3,2,0,1484,1
83.68,25,0,0,10,0,1,1,1,0,1,1,1,2,5,0,2,0,8,2,2,1039,1
55.36,15,0,1,7,1,0,0,1,0,1,1,1,2,5,0,1,2,3,2,0,4672,1
86.04,20,0,0,7,1,0,1,1,0,1,1,1,2,6,0,0,2,3,2,1,4514,0
49.91,15,0,1,12,1,0,0,1,1,1,1,1,2,7,0,1,0,3,2,0,921,1
61.0,22,1,0,9,1,0,0,1,0,1,1,1,2,5,1,0,2,6,2,0,476,1
69.37,30,0,0,12,1,0,0,1,0,1,1,1,0,4,0,0,2,6,2,0,2955,1
71.07,55,1,3,16,1,0,0,1,0,2,1,1,2,4,1,1,3,3,2,0,2421,0
49.05,18,1,2,17,0,1,1,1,1,2,3,1,2,3,2,0,0,3,2,0,1355,1
90.08,35,0,0,13,0,1,1,0,0,2,1,1,0,4,0,2,1,3,2,1,3511,0
44.93,35,2,0,17,0,1,0,1,1,2,1,1,2,3,2,0,0,9,2,2,291,1
51.25,25,1,0,7,0,1,1,1,0,2,1,1,2,2,2,2,1,3,2,2,5194,0
68.1,12,5,3,16,1,0,0,1,0,2,1,1,2,5,1,1,3,3,2,0,4885,1
38.92,12,0,1,9,0,1,1,1,1,2,1,1,2,7,0,1,0,3,2,0,4466,1
43.44,15,0,0,10,1,0,0,1,1,1,1,1,2,7,0,2,2,7,2,1,3708,0
66.2,18,3,2,13,1,0,0,1,0,1,1,1,2,5,1,2,2,3,2,0,4923,0
36.99,30,3,2,3,0,1,0,1,1,2,1,1,2,3,2,1,5,3,2,0,485,1
55.57,30,4,0,7,1,0,1,1,0,2,1,1,2,5,1,2,3,9,2,0,1719,1
73.24,10,2,0,6,1,0,1,1,0,1,1,1,2,4,1,2,2,3,2,1,1520,1
52.57,16,0,0,14,1,0,0,1,0,1,1,1,2,4,0,2,2,2,2,1,1854,1
54.96,25,1,2,13,0,1,1,0,0,2,1,1,0,0,2,1,0,3,2,0,4828,1
64.07,20,1,0,22,1,0,1,0,0,2,1,1,0,5,1,2,3,4,2,3,4891,0
55.59,5,0,1,12,1,0,0,1,0,2,1,1,2,7,0,1,0,3,2,0,2724,1
71.91,48,16,2,28,1,0,0,1,0,2,6,1,2,5,1,0,3,3,2,0,4490,0
65.58,18,2,2,12,1,0,0,1,0,2,1,1,2,5,1,2,2,3,2,0,1744,1
69.83,25,0,2,11,0,1,1,1,0,2,1,1,1,5,0,1,0,3,2,0,3496,1
36.01,10,0,1,6,1,0,0,1,1,2,1,1,2,6,0,0,5,3,2,0,564,1
48.1,25,1,0,9,0,1,1,0,1,2,3,1,0,3,2,0,0,9,2,2,4895,0
67.54,13,0,1,10,1,0,1,1,0,2,1,1,2,6,0,2,2,3,2,0,2981,0
74.78,25,0,0,9,1,0,0,1,0,1,1,1,2,5,0,0,2,7,2,1,4869,0
72.61,35,4,0,10,1,0,0,1,0,2,1,1,2,5,1,0,2,2,2,1,587,1
46.26,35,1,0,15,0,1,1,0,1,2,1,1,0,0,2,2,1,4,2,3,3777,1
73.55,23,3,0,5,1,0,0,1,0,1,1,1,2,4,1,0,3,1,2,1,5089,0
59.02,35,0,0,17,1,0,0,1,0,1,1,1,2,4,0,0,3,2,2,0,76,1
72.23,20,4,0,24,1,0,1,1,0,2,1,1,2,5,1,2,2,2,2,1,3309,0
43.19,10,0,1,25,1,0,0,1,1,2,1,1,2,5,3,0,2,3,0,0,1029,1
40.75,16,2,0,14,0,0,1,1,1,2,1,1,1,3,2,2,0,9,2,2,1391,1
44.5,25,4,0,14,0,1,1,0,1,1,1,1,0,3,2,0,1,4,2,3,530,1
47.3,20,0,0,17,1,0,0,1,1,1,2,1,2,5,0,2,2,6,2,1,1273,1
80.08,30,2,0,3,1,0,1,1,0,2,1,1,2,5,1,2,3,8,2,0,4973,0
75.65,25,0,0,9,1,0,0,1,0,2,1,1,1,5,0,0,3,8,2,0,954,1
53.6,15,0,0,6,1,0,0,1,0,1,1,1,2,6,0,0,2,2,2,1,3699,1
65.31,40,0,0,13,1,0,0,1,0,1,1,1,2,6,0,0,2,7,2,1,5296,0
69.84,51,0,0,10,1,0,1,1,0,2,1,1,1,4,0,0,3,1,2,0,1536,1
42.64,20,0,0,9,1,0,0,1,1,1,1,1,2,4,0,0,2,3,2,1,1717,1
69.56,20,0,0,16,1,0,0,1,0,1,1,1,1,7,0,2,3,0,2,0,4662,0
64.1,15,0,0,8,1,0,1,1,0,2,1,1,0,7,0,2,1,0,2,3,5187,0
65.5,20,0,0,18,1,0,0,1,0,0,5,1,2,6,0,0,2,3,2,1,3001,0
51.62,28,0,0,9,1,0,0,1,1,1,1,1,2,7,0,0,3,6,2,0,3712,0
74.26,15,0,0,8,1,0,0,1,0,1,1,1,2,7,0,2,3,2,2,0,1799,0
75.73,35,0,0,5,1,0,0,1,0,2,1,1,2,4,0,2,2,2,2,1,3583,0
54.18,20,0,0,12,0,1,0,1,0,2,1,1,2,6,0,0,1,9,2,2,3093,1
86.55,29,4,2,14,1,0,0,1,0,1,1,1,1,4,1,1,0,3,2,0,4437,0
63.45,20,1,0,8,1,0,0,1,0,1,1,1,2,5,1,0,2,3,2,1,1099,1
72.39,20,1,0,10,1,0,0,1,0,2,1,1,2,5,1,0,3,3,2,0,4771,0
72.61,45,1,0,7,1,0,0,1,0,1,1,1,2,4,1,0,2,7,2,0,926,1
43.19,10,0,1,25,1,0,0,1,1,2,1,1,2,5,3,0,2,3,0,0,4816,0
69.27,45,0,0,11,1,0,1,1,0,2,3,1,2,5,0,0,3,3,2,0,489,1
63.2,28,0,0,7,1,0,1,1,0,2,1,1,2,5,0,2,3,6,2,0,3744,0
43.19,10,0,1,25,1,0,0,1,1,2,1,1,2,5,3,0,2,3,0,0,60,0
53.48,11,8,2,13,0,1,1,0,0,1,1,1,0,2,2,0,1,3,2,0,4532,0
40.21,35,2,0,13,0,1,1,1,1,2,1,1,2,3,2,0,0,9,2,2,4312,0
50.61,25,2,2,17,1,0,0,1,0,2,1,1,2,4,1,1,0,3,2,0,444,1
66.56,15,0,0,15,0,1,1,1,0,1,1,1,2,7,0,0,0,9,2,2,4035,0
69.66,30,2,0,8,1,0,1,1,0,1,1,1,0,4,1,0,2,6,2,0,4820,0
71.64,20,1,2,4,1,0,0,1,0,2,1,1,2,5,1,1,5,3,2,0,2396,1
80.09,25,4,0,11,1,0,1,1,0,1,1,1,2,5,1,2,3,3,2,2,4741,0
49.87,22,4,0,17,0,1,1,0,1,2,1,1,0,2,2,0,1,4,2,3,2373,1
43.19,10,0,1,25,1,0,0,1,1,2,1,1,2,5,3,0,2,3,0,0,3604,1
60.13,20,0,0,3,1,0,0,1,0,1,1,1,0,5,0,2,2,3,2,1,1453,1
79.11,40,0,2,9,1,0,0,1,0,2,1,1,1,4,0,1,2,3,2,0,4989,0
40.96,5,0,1,20,1,0,0,1,1,1,4,1,2,6,0,0,5,3,2,0,1033,1
43.08,30,1,2,9,0,1,1,1,1,2,1,1,2,3,2,2,0,3,2,0,5036,0
43.19,10,0,1,25,1,0,0,1,1,2,1,1,2,5,3,0,2,3,0,0,2957,0
54.83,20,2,0,6,0,1,1,0,0,1,1,1,0,3,2,2,1,0,2,2,760,0
84.3,26,0,0,7,1,0,0,1,0,1,1,1,2,4,0,2,2,2,2,0,2668,1
43.19,10,0,1,25,1,0,0,1,1,2,1,1,2,5,3,0,2,3,0,0,771,0
70.52,30,0,2,20,1,0,0,1,0,1,1,1,2,4,0,1,3,3,2,0,3542,0
57.75,26,0,0,14,1,0,0,1,0,0,6,1,2,5,0,2,2,1,2,0,4635,1
53.56,20,0,0,17,1,0,1,1,0,2,1,1,2,5,0,0,3,0,2,0,4773,0
35.13,75,1,3,10,0,1,0,0,1,2,1,1,0,0,2,1,0,3,2,0,4405,0
42.12,48,1,2,14,0,0,0,1,1,2,1,1,2,3,2,1,0,3,2,0,751,0
44.05,15,0,0,5,0,1,1,1,1,1,1,1,1,7,0,2,0,9,2,2,565,1
73.93,15,0,0,15,1,0,0,1,0,1,1,1,2,7,0,2,3,1,2,0,4802,0
76.3,15,0,1,11,1,0,1,1,0,1,6,1,0,6,0,1,2,3,2,0,3089,1
64.27,30,2,0,11,0,1,0,1,0,2,3,1,2,2,2,0,0,9,2,2,3530,1
74.95,20,0,0,5,1,0,0,1,0,1,1,1,2,5,0,2,2,2,2,1,3461,0
78.84,25,1,0,8,1,0,0,1,0,1,2,1,2,4,1,0,2,6,2,1,232,0
47.88,15,0,1,10,0,1,1,1,1,2,3,1,2,7,0,0,0,3,2,0,4616,1
52.63,20,0,0,15,1,0,0,1,0,1,1,1,2,5,0,0,3,0,2,0,4697,0
67.79,20,0,0,13,1,0,0,1,0,2,1,1,2,5,0,2,3,0,2,0,3530,1
68.64,60,8,3,21,1,1,1,1,0,2,6,1,2,4,1,0,1,3,2,0,4767,0
68.82,30,4,0,11,1,0,0,1,0,2,1,1,2,5,1,2,2,1,2,1,1662,1
75.28,25,0,0,17,1,0,0,1,0,1,1,1,2,4,0,2,2,3,2,1,2707,1
46.43,10,0,0,16,1,0,0,1,1,1,1,1,2,7,0,2,2,2,2,1,2149,1
50.75,16,0,0,9,1,0,0,1,1,1,1,1,2,7,0,2,2,6,2,1,4056,0
69.55,20,0,0,9,1,0,1,1,0,2,1,1,2,4,0,0,1,0,2,0,3341,0
75.88,35,0,2,10,1,0,1,1,0,1,1,1,2,4,0,0,2,3,2,0,2733,1
66.55,18,2,2,12,1,0,1,1,0,2,1,1,2,4,1,2,5,3,2,0,1617,1
70.86,20,0,0,10,1,0,0,1,0,1,1,1,2,5,0,0,2,7,2,1,2434,1
43.19,10,0,1,25,1,0,0,1,1,2,1,1,2,5,3,0,2,3,0,0,4807,0
46.28,15,0,0,5,1,0,0,1,1,1,1,1,2,4,0,2,2,2,2,1,535,0
54.27,30,4,0,25,1,0,0,1,1,1,2,1,2,4,1,2,2,2,2,1,4648,1
75.38,30,1,0,9,1,0,0,1,0,1,1,1,0,4,1,2,2,2,2,1,4912,0
62.88,20,3,0,9,1,0,0,1,0,1,1,1,2,5,1,0,2,6,2,1,982,1
61.73,16,3,0,17,1,0,1,1,0,1,1,1,2,5,1,0,2,2,2,1,4521,0
39.7,40,4,0,11,0,1,1,1,1,2,1,1,2,3,2,0,0,9,2,2,4215,0
70.79,20,2,0,15,1,0,1,1,0,1,1,1,2,5,1,0,2,1,2,1,4669,0
66.88,25,2,0,7,1,0,0,1,0,1,1,1,0,5,1,0,3,0,2,0,3663,0
40.37,25,0,2,23,1,0,0,1,1,1,1,1,1,7,0,0,3,3,2,0,4369,0
80.21,50,1,0,8,1,0,0,1,0,1,1,1,2,4,1,0,3,9,2,0,3711,0
62.87,17,0,1,8,1,0,0,1,0,2,1,1,0,7,0,1,2,3,2,0,4267,0
41.53,20,4,0,16,0,1,1,1,1,2,1,1,2,3,2,2,0,9,2,2,3493,1
81.63,32,1,0,6,1,0,0,1,0,1,1,1,2,5,1,0,2,3,2,1,4778,0
62.89,23,0,0,6,1,0,0,1,0,2,1,1,2,5,0,0,3,0,2,0,3846,1
44.99,20,0,0,4,1,0,0,1,1,1,1,1,2,4,0,0,3,2,2,0,1911,0
45.51,40,2,0,21,0,1,1,1,1,2,1,1,2,0,2,2,0,8,2,2,4134,1
73.75,20,4,0,17,1,0,1,1,0,1,1,1,2,5,1,0,2,7,2,1,969,1
71.36,30,0,0,10,1,0,0,1,0,1,1,1,2,5,0,2,2,2,2,0,2489,0
78.55,35,4,0,5,1,0,1,1,0,1,1,1,0,5,1,0,3,8,2,0,3114,1
62.7,30,7,3,9,0,1,1,1,0,2,1,1,2,3,2,2,0,3,2,0,1145,1
55.53,30,0,0,9,0,1,1,1,0,2,1,1,2,6,0,0,0,9,2,2,1051,1
57.2,15,0,0,13,1,0,1,1,0,1,1,1,0,5,0,0,2,3,2,1,1887,1
65.14,20,0,0,6,1,0,0,1,0,1,1,1,2,5,0,2,2,6,2,0,632,1
58.0,1,0,1,15,1,0,0,1,0,1,4,1,2,6,0,1,5,3,2,0,4551,0
78.64,22,0,2,12,1,0,0,1,0,2,1,1,1,5,0,1,3,3,2,0,4006,0
68.13,34,1,0,8,1,0,0,1,0,1,1,1,2,5,1,2,2,3,2,1,3625,0
71.31,20,0,0,6,1,0,0,1,0,1,1,1,2,5,0,0,2,6,2,1,4213,0
58.4,30,0,0,14,1,0,1,1,0,2,1,1,2,5,0,2,3,0,2,0,667,1
65.43,35,4,0,48,1,0,1,1,0,2,1,1,2,5,1,0,2,5,2,0,4522,0
74.92,40,2,2,8,1,0,0,1,0,1,1,1,2,5,1,1,2,3,2,0,924,1
51.98,26,1,0,3,0,1,1,1,0,2,1,1,2,2,2,2,0,2,2,2,4152,0
68.75,15,0,1,5,0,0,1,1,0,2,1,1,0,5,0,2,5,3,2,0,630,1
60.72,25,0,0,12,1,0,1,1,0,2,1,1,2,4,0,0,3,8,2,0,3140,1
82.94,55,1,0,9,1,0,0,1,0,1,1,1,2,4,1,0,3,7,2,0,4263,0
67.57,25,0,2,4,0,1,1,1,0,2,1,1,2,4,0,0,0,3,2,0,1915,0
74.76,16,0,1,16,1,0,0,1,0,1,1,1,2,6,0,1,5,3,2,0,4524,0
86.61,16,0,1,5,1,0,0,1,0,0,1,1,2,4,0,2,2,3,4,0,3792,1
70.65,25,0,2,12,1,0,1,1,0,1,1,1,2,4,0,0,1,3,4,0,1907,1
79.04,30,5,3,5,1,0,0,1,0,2,1,1,2,5,1,0,3,3,4,0,2116,1
53.45,30,2,3,2,0,1,1,0,0,1,1,1,0,3,2,0,1,3,4,0,1623,1
38.01,18,0,1,9,1,0,0,1,1,1,1,1,1,4,0,0,2,3,4,0,302,1
39.41,20,2,2,12,0,0,1,0,1,1,7,1,0,0,2,0,1,3,4,0,2990,0
41.11,15,0,1,6,1,0,0,1,1,1,1,1,2,7,0,1,2,3,4,0,3737,1
85.85,37,4,2,6,1,0,1,1,0,2,6,1,2,4,1,2,3,3,4,0,5215,0
60.6,46,0,2,20,0,1,1,1,0,2,7,1,2,7,0,2,0,3,4,0,769,1
66.24,18,0,1,17,1,0,0,1,0,1,1,1,2,6,0,0,3,3,4,0,4046,0
56.25,42,0,2,16,1,0,0,1,0,1,1,1,2,5,0,2,3,3,4,0,2374,1
44.51,25,9,2,15,0,1,0,1,1,1,1,1,2,3,2,0,5,3,4,0,2024,0
79.2,10,0,1,8,1,0,0,1,0,1,6,1,2,7,0,0,3,3,4,0,1574,1
56.93,20,2,2,8,1,0,1,1,0,1,1,1,2,5,1,0,5,3,4,0,3528,0
61.81,15,0,1,15,1,0,0,1,0,1,1,1,2,7,0,0,2,3,4,0,775,0
49.67,22,0,2,17,1,0,1,1,1,2,1,1,0,6,0,0,2,3,4,0,2088,0
58.83,20,2,2,13,0,1,1,1,0,2,1,1,2,3,2,0,0,3,4,0,4434,1
66.94,10,31,2,31,0,1,0,0,0,2,1,1,0,3,2,0,1,3,4,0,3836,0
68.43,16,0,1,11,1,0,0,1,0,1,1,1,2,6,0,0,2,3,4,0,1064,1
75.33,15,0,1,6,1,0,0,1,0,0,1,1,2,6,0,0,2,3,4,0,3536,0
71.22,30,4,2,14,1,0,0,1,0,1,1,1,2,4,1,0,2,3,4,0,3,1
70.65,20,0,1,11,1,0,0,1,0,0,1,1,2,7,0,0,3,3,4,0,2550,1
52.84,20,6,2,13,1,0,0,1,0,1,1,1,2,3,2,0,5,3,4,0,1704,0
48.59,30,1,2,7,0,1,1,1,1,2,1,1,1,3,2,0,0,3,4,0,3622,0
63.2,22,0,2,9,1,0,0,1,0,1,1,1,2,7,0,0,3,3,4,0,441,1
